"cityid","customerid"
377,"SN-20560"
74,"FG-14260"
373,"KM-16225"
394,"LW-16825"
501,"EH-14185"
454,"MV-18190"
477,"MH-18115"
155,"GH-14665"
267,"JH-15430"
342,"EM-14200"
155,"RO-19780"
74,"AH-10210"
26,"RB-19465"
280,"DP-13105"
246,"AP-10720"
118,"CS-11950"
74,"EK-13795"
531,"KB-16240"
331,"AR-10825"
501,"DJ-13510"
269,"SB-20290"
373,"AH-10030"
6,"QJ-19255"
388,"TC-21475"
159,"GM-14500"
47,"PG-18895"
160,"BN-11515"
160,"SG-20080"
159,"DR-12940"
220,"MG-17680"
84,"LS-17245"
353,"AP-10720"
373,"BP-11185"
340,"FH-14275"
269,"AB-10105"
530,"AH-10075"
184,"DL-12865"
8,"SC-20725"
414,"TH-21115"
454,"LL-16840"
209,"RD-19720"
5,"XP-21865"
291,"FC-14335"
254,"EH-14005"
373,"HD-14785"
74,"NL-18310"
99,"TG-21640"
393,"EB-13870"
217,"AB-10105"
476,"NM-18445"
155,"BP-11185"
160,"MJ-17740"
161,"AB-10060"
501,"AJ-10960"
362,"TC-21475"
373,"MG-17680"
275,"CM-12655"
275,"HP-14815"
155,"SB-20185"
217,"SH-19975"
116,"TS-21205"
373,"SV-20365"
400,"VM-21835"
454,"AH-10690"
382,"MS-17530"
377,"JB-16000"
454,"DW-13195"
373,"AS-10630"
84,"NF-18475"
501,"HM-14980"
123,"CL-12565"
155,"SD-20485"
154,"LR-17035"
509,"VF-21715"
84,"MK-17905"
454,"PV-18985"
521,"SH-20395"
455,"GG-14650"
74,"CV-12805"
342,"GH-14485"
501,"AR-10510"
95,"SE-20110"
88,"MH-18115"
449,"MC-17845"
74,"GA-14515"
28,"MH-18115"
501,"CC-12220"
139,"CA-12310"
155,"CB-12415"
71,"GA-14725"
338,"JE-15745"
501,"JK-15625"
74,"ME-18010"
79,"AG-10495"
433,"AH-10075"
267,"RA-19945"
243,"TM-21010"
232,"ML-18040"
32,"TP-21565"
359,"AG-10765"
433,"BF-11275"
141,"SC-20230"
74,"DN-13690"
337,"TP-21415"
501,"DH-13075"
501,"BS-11590"
382,"TB-21520"
180,"DK-13375"
525,"CM-11935"
531,"PN-18775"
501,"EM-14065"
454,"HG-15025"
264,"MB-17305"
382,"TB-21055"
71,"FC-14245"
84,"ZD-21925"
373,"KD-16495"
258,"CD-12790"
15,"KH-16510"
414,"SF-20965"
267,"CL-12565"
117,"OT-18730"
342,"SC-20770"
476,"SC-20695"
373,"PO-19195"
155,"RW-19630"
328,"BT-11485"
359,"CT-11995"
104,"SD-20485"
401,"KH-16330"
414,"SZ-20035"
24,"CA-12265"
373,"EH-13945"
396,"IG-15085"
98,"MV-17485"
477,"DA-13450"
373,"KE-16420"
239,"KH-16630"
178,"JG-15310"
266,"DJ-13510"
335,"RH-19600"
74,"LH-16900"
439,"NL-18310"
116,"JK-15730"
501,"HR-14830"
160,"CM-12715"
92,"KH-16510"
373,"TB-21625"
456,"SM-20950"
209,"PB-19150"
160,"RS-19420"
494,"TB-21055"
501,"CG-12040"
92,"NH-18610"
269,"DB-12910"
53,"CB-12415"
43,"DM-12955"
281,"Co-12640"
62,"NF-18595"
307,"TC-21295"
276,"MG-17650"
150,"JF-15490"
501,"SH-20395"
74,"HJ-14875"
74,"BP-11155"
433,"PK-19075"
414,"DB-12970"
522,"BF-11170"
160,"CD-12280"
310,"TS-21505"
251,"BF-11170"
501,"TH-21235"
105,"DL-12865"
454,"PL-18925"
198,"GT-14635"
185,"RM-19375"
501,"NS-18640"
372,"JO-15145"
373,"DM-13015"
178,"DL-12925"
414,"AC-10420"
142,"LL-16840"
132,"JP-15520"
414,"PO-19180"
356,"SC-20725"
454,"SC-20230"
13,"TR-21325"
454,"MY-17380"
84,"SV-20785"
175,"CS-11860"
157,"LA-16780"
74,"AA-10645"
43,"MV-17485"
155,"MC-17425"
454,"RA-19285"
522,"PF-19225"
160,"MM-18280"
155,"DB-13060"
117,"MH-17620"
454,"CB-12025"
158,"BP-11095"
209,"SD-20485"
198,"SC-20380"
507,"MO-17800"
373,"CC-12220"
117,"SF-20965"
12,"EB-13705"
501,"BM-11575"
513,"HK-14890"
359,"DB-13405"
373,"AF-10885"
131,"JM-15265"
525,"GH-14425"
501,"TH-21550"
293,"JK-15730"
160,"MH-17785"
454,"CA-12055"
6,"KL-16645"
373,"Dp-13240"
141,"AB-10015"
414,"RB-19705"
284,"EB-14170"
310,"AR-10825"
12,"DB-13555"
155,"RD-19720"
57,"SC-20260"
531,"DR-12880"
241,"FM-14215"
501,"BP-11095"
156,"EM-13960"
160,"AM-10705"
501,"TC-21535"
276,"TB-21595"
373,"ES-14080"
275,"SW-20275"
373,"LC-17140"
454,"FM-14215"
501,"BW-11200"
160,"IM-15070"
84,"DB-13210"
145,"CY-12745"
160,"MC-18130"
209,"ML-17410"
501,"MP-17470"
47,"LC-16870"
365,"YS-21880"
516,"BP-11230"
85,"SP-20620"
33,"MM-18280"
73,"JP-15520"
484,"EB-13750"
117,"AA-10645"
160,"DS-13030"
454,"NL-18310"
6,"KD-16270"
155,"MH-17455"
359,"DO-13645"
79,"BC-11125"
501,"JD-16015"
343,"PW-19240"
501,"TT-21265"
74,"BD-11620"
160,"CM-11815"
84,"NS-18640"
454,"TH-21100"
373,"SC-20020"
407,"Dp-13240"
232,"DW-13195"
433,"BM-11650"
195,"WB-21850"
402,"KB-16240"
415,"LC-17050"
75,"AR-10405"
489,"TD-20995"
501,"SM-20005"
373,"JW-16075"
6,"MS-17980"
432,"MW-18235"
160,"HM-14980"
155,"HA-14905"
436,"AW-10930"
158,"MN-17935"
433,"VP-21760"
373,"DL-13315"
134,"JL-15835"
253,"AC-10660"
145,"LW-16990"
501,"JC-15775"
284,"JB-15925"
78,"DB-13210"
454,"BG-11740"
163,"MT-17815"
182,"EM-13825"
150,"Dp-13240"
155,"CS-12400"
287,"SP-20650"
501,"FW-14395"
455,"CC-12670"
501,"DR-12880"
160,"PL-18925"
6,"HA-14905"
433,"GA-14515"
278,"PK-19075"
387,"CK-12595"
277,"DO-13435"
501,"JH-15820"
338,"EH-13945"
378,"AB-10255"
62,"HA-14905"
373,"SB-20290"
342,"GA-14725"
493,"TN-21040"
475,"DK-12895"
66,"HG-15025"
302,"CP-12085"
513,"NF-18385"
501,"AB-10255"
315,"CD-11920"
198,"ON-18715"
506,"JW-15955"
454,"JP-16135"
454,"ZC-21910"
414,"CR-12820"
239,"TT-21070"
198,"YS-21880"
377,"DK-12835"
414,"RD-19810"
342,"KH-16510"
59,"RD-19720"
160,"SW-20755"
521,"TS-21160"
414,"ME-17320"
239,"MD-17350"
51,"BM-11785"
454,"EM-13825"
116,"DB-13615"
334,"ZC-21910"
454,"CC-12550"
373,"DP-13105"
291,"HG-14965"
421,"JB-15400"
148,"FH-14365"
155,"CR-12730"
501,"TB-21625"
53,"CR-12625"
74,"BE-11335"
74,"ZD-21925"
388,"KL-16555"
375,"JF-15490"
476,"AB-10105"
244,"BF-11005"
501,"SV-20935"
118,"AS-10630"
75,"AG-10300"
373,"JB-16045"
372,"KT-16480"
133,"BD-11770"
501,"DF-13135"
414,"KN-16390"
136,"AB-10150"
122,"KB-16585"
321,"PM-19135"
501,"TN-21040"
244,"TC-21475"
223,"CS-12400"
419,"Dp-13240"
39,"RA-19915"
11,"SB-20185"
310,"BP-11290"
153,"PG-18895"
373,"DP-13390"
239,"JM-15865"
118,"EA-14035"
501,"HW-14935"
433,"RF-19840"
117,"BS-11665"
141,"TC-21535"
454,"CC-12220"
160,"CK-12325"
362,"AP-10915"
155,"HD-14785"
323,"FA-14230"
373,"MC-17575"
415,"MC-18100"
373,"CV-12805"
10,"RB-19645"
501,"DB-13405"
171,"RS-19765"
449,"IL-15100"
401,"BD-11725"
53,"DB-13360"
373,"SP-20545"
454,"RW-19540"
373,"MS-17980"
155,"CK-12595"
168,"DN-13690"
450,"SC-20305"
293,"MC-17425"
114,"SC-20050"
531,"JS-15595"
414,"SC-20020"
323,"PT-19090"
522,"JH-15910"
454,"TG-21310"
338,"RB-19645"
414,"NC-18625"
433,"DB-12910"
400,"SS-20140"
160,"JH-15985"
501,"MM-17920"
232,"SV-20935"
295,"SF-20965"
421,"NF-18475"
342,"HM-14860"
307,"RB-19465"
277,"NR-18550"
342,"KB-16585"
432,"OT-18730"
367,"JK-15205"
74,"KH-16510"
481,"AH-10210"
454,"AP-10720"
334,"SL-20155"
84,"NB-18655"
141,"MZ-17515"
531,"ZC-21910"
376,"JS-16030"
485,"SP-20650"
172,"KL-16555"
373,"LR-17035"
251,"KN-16450"
481,"PG-18820"
501,"JJ-15445"
485,"NF-18475"
454,"AS-10240"
84,"JR-15700"
254,"RH-19495"
214,"SJ-20125"
87,"KB-16585"
74,"JL-15175"
481,"AH-10120"
176,"LO-17170"
414,"ES-14020"
428,"AG-10900"
373,"CM-12715"
414,"NM-18520"
342,"TP-21415"
209,"CM-12235"
454,"BP-11095"
155,"AT-10735"
481,"AS-10630"
122,"LL-16840"
522,"SS-20410"
454,"DD-13570"
278,"NC-18340"
117,"CR-12580"
136,"HW-14935"
454,"EB-13975"
503,"JS-15880"
373,"FM-14215"
160,"DK-13375"
411,"EB-13930"
501,"PJ-18835"
362,"HA-14905"
62,"CS-12400"
117,"BM-11650"
373,"BH-11710"
155,"MP-18175"
218,"MK-17905"
373,"PB-19150"
373,"CS-11950"
452,"CR-12625"
53,"CP-12085"
6,"AJ-10780"
336,"KD-16495"
269,"SC-20050"
155,"TS-21610"
530,"CJ-12010"
118,"EH-14185"
373,"FH-14275"
492,"FO-14305"
454,"DH-13075"
529,"DL-12865"
74,"AC-10420"
333,"EB-14170"
481,"RC-19825"
382,"LP-17095"
47,"PJ-18835"
501,"CD-11920"
335,"ND-18460"
135,"GK-14620"
139,"JB-15400"
501,"PB-19150"
525,"BF-11275"
175,"PH-18790"
414,"EH-13990"
155,"MC-17605"
373,"KB-16240"
414,"BE-11335"
440,"KT-16480"
164,"AP-10720"
501,"LW-16825"
74,"AH-10030"
160,"BM-11785"
356,"IL-15100"
457,"CS-12250"
454,"BD-11320"
160,"CC-12145"
342,"EN-13780"
267,"RP-19390"
251,"JM-15580"
414,"MA-17560"
310,"MG-17890"
382,"AF-10885"
454,"CC-12475"
155,"VG-21805"
378,"MG-18145"
349,"MC-18100"
47,"HL-15040"
353,"MG-17875"
477,"CS-12505"
71,"CY-12745"
501,"SW-20275"
501,"BW-11110"
522,"RB-19645"
244,"MM-18055"
373,"DB-13270"
145,"JH-15820"
251,"CC-12475"
177,"MM-18055"
501,"EB-13705"
376,"RF-19735"
499,"TS-21205"
6,"RB-19435"
454,"RD-19585"
199,"JE-15475"
136,"DN-13690"
160,"EB-14170"
405,"CS-12355"
155,"SM-20950"
454,"WB-21850"
501,"RF-19345"
502,"SV-20785"
488,"TS-21205"
118,"Dl-13600"
62,"SC-20305"
190,"BF-11215"
74,"DK-12985"
160,"JS-15880"
433,"MH-18115"
74,"LS-16945"
501,"JF-15190"
282,"CS-12250"
310,"AG-10675"
483,"LW-16825"
359,"BP-11095"
160,"DN-13690"
476,"QJ-19255"
74,"AD-10180"
160,"AB-10060"
89,"LS-17245"
160,"IG-15085"
105,"FC-14245"
136,"BD-11320"
133,"DW-13585"
287,"SW-20245"
271,"DC-13285"
414,"TC-20980"
433,"AR-10510"
141,"SC-20050"
373,"HA-14920"
244,"JM-16195"
501,"VP-21760"
501,"KD-16615"
373,"EJ-13720"
74,"CY-12745"
55,"RB-19435"
356,"LB-16795"
155,"MC-18100"
476,"BT-11440"
6,"AA-10480"
414,"CC-12370"
373,"CL-11890"
335,"VW-21775"
414,"LA-16780"
246,"JE-15745"
515,"MB-17305"
74,"JO-15145"
401,"MC-18130"
160,"JO-15550"
476,"DK-12835"
501,"RM-19750"
407,"SF-20200"
373,"SC-20305"
440,"SD-20485"
501,"SP-20620"
74,"CM-12445"
275,"SC-20050"
158,"TS-21655"
74,"RP-19270"
414,"BG-11740"
155,"JS-15595"
304,"PG-18820"
454,"AO-10810"
522,"FH-14350"
75,"DR-12940"
275,"SU-20665"
433,"MS-17770"
492,"JW-15220"
501,"KA-16525"
454,"MA-17560"
414,"KH-16360"
361,"MY-17380"
137,"DK-12895"
6,"DK-12985"
74,"DH-13675"
356,"EB-14170"
257,"EK-13795"
155,"EA-14035"
267,"SV-20365"
454,"PO-18865"
359,"MA-17995"
517,"AS-10225"
407,"LP-17095"
132,"LH-16900"
353,"BT-11680"
399,"ND-18460"
155,"LC-16870"
122,"CS-12355"
117,"MZ-17335"
339,"NP-18670"
275,"SJ-20125"
9,"PG-18820"
47,"LC-17050"
427,"RD-19585"
79,"SN-20560"
456,"LH-16900"
356,"SP-20650"
521,"SK-19990"
31,"EB-13750"
501,"CR-12580"
65,"EH-13765"
260,"SR-20425"
433,"LH-17020"
501,"JP-15460"
481,"TZ-21580"
266,"JF-15490"
414,"EB-13705"
53,"DB-13060"
454,"SC-20575"
375,"RD-19585"
454,"TT-21070"
239,"SP-20650"
489,"DB-13060"
155,"CC-12220"
454,"SC-20800"
140,"TM-21010"
31,"RB-19360"
117,"IG-15085"
269,"LW-16990"
483,"NK-18490"
195,"SA-20830"
205,"CK-12325"
160,"RD-19660"
334,"TH-21100"
501,"BD-11635"
473,"RF-19345"
160,"RD-19720"
449,"RB-19645"
489,"RR-19525"
454,"HM-14860"
373,"KC-16255"
433,"CR-12730"
9,"MH-17785"
454,"BB-10990"
6,"SB-20290"
347,"JH-16180"
50,"CY-12745"
501,"JH-16180"
396,"LW-17125"
433,"AG-10675"
370,"JF-15415"
501,"JS-15685"
74,"RR-19315"
501,"CC-12430"
501,"RD-19720"
251,"MY-18295"
454,"BP-11155"
237,"SC-20380"
197,"RF-19345"
384,"SC-20095"
122,"SG-20605"
155,"PS-18970"
373,"KT-16480"
155,"EH-13765"
9,"MB-17305"
56,"CB-12025"
266,"EH-13945"
369,"AB-10150"
513,"KH-16630"
160,"GW-14605"
270,"BF-11020"
507,"CS-12355"
501,"SZ-20035"
301,"CA-12775"
501,"TB-21355"
373,"FP-14320"
74,"JS-16030"
74,"SG-20605"
186,"AG-10495"
373,"KM-16660"
481,"MK-17905"
173,"RA-19915"
6,"HM-14860"
43,"SV-20935"
185,"KT-16465"
373,"JC-15775"
79,"RA-19285"
74,"TS-21205"
160,"NF-18595"
160,"RB-19570"
521,"MF-17665"
382,"RP-19390"
454,"AG-10495"
84,"DV-13045"
414,"CM-12715"
454,"CC-12145"
160,"DK-13090"
407,"JG-15160"
476,"MJ-17740"
465,"RD-19720"
373,"HG-14845"
76,"RD-19900"
323,"KH-16630"
501,"RA-19285"
328,"PS-18970"
501,"JM-15265"
323,"SC-20770"
267,"KB-16315"
168,"CD-12790"
342,"LS-16975"
74,"IL-15100"
414,"JP-15520"
501,"SH-19975"
404,"LC-16885"
414,"JS-16030"
277,"SC-20380"
284,"CV-12805"
159,"KM-16375"
185,"KN-16705"
50,"HR-14830"
454,"SV-20785"
501,"KD-16270"
258,"TM-21490"
251,"HF-14995"
47,"MS-17770"
279,"RR-19525"
169,"MS-17830"
3,"BT-11440"
74,"EM-13960"
476,"BT-11395"
373,"CC-12430"
373,"DG-13300"
513,"MB-18085"
430,"NW-18400"
504,"LA-16780"
507,"KM-16660"
373,"ML-17410"
155,"EB-13930"
190,"MH-17455"
133,"ZC-21910"
373,"JC-15340"
275,"SP-20650"
174,"SF-20065"
338,"DD-13570"
501,"BE-11335"
373,"SP-20620"
518,"DC-13285"
476,"AJ-10945"
275,"GW-14605"
501,"AT-10735"
433,"RA-19915"
373,"JA-15970"
141,"CK-12760"
374,"TS-21085"
141,"SR-20740"
94,"PM-18940"
501,"CL-12700"
335,"FW-14395"
334,"AA-10375"
373,"BD-11770"
84,"MK-18160"
160,"CS-12130"
74,"TS-21160"
501,"ND-18370"
454,"RB-19435"
74,"MH-17620"
494,"CK-12325"
401,"JG-15310"
373,"DK-12835"
373,"JF-15565"
60,"RH-19600"
454,"GK-14620"
454,"AM-10705"
433,"MD-17350"
53,"JW-15220"
434,"CW-11905"
156,"AB-10105"
235,"NC-18340"
178,"FA-14230"
185,"MV-18190"
414,"JD-15790"
501,"BS-11380"
501,"ZC-21910"
178,"DK-13090"
106,"PB-18805"
160,"PJ-18835"
531,"BV-11245"
501,"VD-21670"
160,"DG-13300"
53,"CS-12175"
501,"BM-11140"
454,"MG-17680"
501,"BM-11650"
160,"KB-16585"
160,"DW-13540"
155,"DK-12985"
65,"BG-11695"
109,"CL-12565"
454,"LB-16735"
325,"GP-14740"
342,"BP-11185"
342,"KT-16480"
53,"BS-11365"
47,"SF-20200"
454,"JS-15685"
84,"MC-17605"
432,"PO-18850"
237,"NS-18640"
323,"LT-17110"
424,"BS-11380"
373,"BD-11620"
163,"AJ-10780"
373,"MJ-17740"
471,"BE-11455"
307,"NB-18655"
40,"LH-16900"
178,"CL-12565"
373,"CJ-11875"
373,"AW-10840"
124,"JH-15820"
135,"YS-21880"
43,"TG-21310"
6,"ES-14080"
481,"JM-16195"
136,"AR-10510"
373,"SM-20950"
435,"SV-20815"
390,"CT-11995"
161,"JG-15115"
141,"LC-16960"
447,"CK-12325"
128,"JB-15925"
373,"ON-18715"
269,"CG-12520"
454,"MM-18280"
501,"SR-20425"
124,"SB-20290"
284,"JK-16120"
454,"JG-15160"
501,"PS-19045"
501,"LD-17005"
155,"EK-13795"
499,"LR-16915"
120,"ML-17395"
74,"MP-18175"
198,"QJ-19255"
155,"SH-19975"
169,"DM-13345"
74,"JO-15550"
433,"SC-20680"
454,"HR-14770"
320,"MS-17710"
33,"CS-12250"
74,"NP-18325"
71,"RS-19765"
359,"AJ-10945"
72,"AB-10060"
65,"MA-17995"
501,"GA-14515"
84,"RA-19885"
390,"NH-18610"
481,"BG-11695"
74,"RB-19360"
47,"HR-14770"
342,"AH-10465"
461,"GB-14575"
373,"TH-21115"
414,"MF-18250"
476,"PM-19135"
502,"PJ-19015"
155,"ZC-21910"
394,"AI-10855"
175,"MC-17605"
160,"FH-14365"
156,"TB-21595"
160,"KH-16510"
6,"JK-16090"
75,"EJ-14155"
6,"LM-17065"
501,"DB-13360"
6,"RC-19960"
34,"GD-14590"
84,"ND-18370"
414,"MH-17440"
160,"SR-20740"
267,"JE-15715"
328,"MN-17935"
412,"SN-20560"
501,"ES-14020"
254,"SH-19975"
511,"CA-11965"
16,"LC-16930"
118,"RC-19825"
145,"JM-15580"
382,"SJ-20500"
501,"CS-12355"
84,"ND-18460"
508,"BT-11680"
433,"DL-13495"
6,"KB-16585"
501,"LC-16960"
156,"MC-17425"
155,"KT-16465"
332,"DK-12985"
342,"MO-17950"
414,"AG-10330"
155,"SP-20650"
530,"DK-13225"
71,"VP-21760"
501,"MH-17785"
513,"JE-15715"
160,"MZ-17335"
84,"CP-12340"
223,"AC-10450"
74,"BT-11680"
371,"MS-17710"
433,"BF-10975"
267,"DP-13000"
287,"ML-17755"
156,"TD-20995"
359,"BF-11170"
458,"DO-13645"
490,"SG-20890"
160,"JF-15490"
345,"JJ-15445"
309,"KH-16690"
310,"WB-21850"
501,"MO-17800"
373,"AD-10180"
155,"SJ-20215"
310,"NM-18445"
454,"AG-10390"
477,"SZ-20035"
449,"DP-13390"
388,"MD-17350"
433,"ZC-21910"
414,"DB-13660"
159,"JG-15310"
328,"DK-13090"
501,"JD-15895"
160,"JD-16015"
251,"NS-18640"
342,"BF-11215"
394,"AH-10210"
155,"JK-15730"
74,"BF-11170"
122,"SV-20365"
145,"MC-18130"
476,"PK-19075"
501,"NW-18400"
531,"FM-14380"
182,"TB-21355"
373,"RD-19660"
169,"LW-17215"
501,"AC-10450"
6,"DE-13255"
106,"DO-13645"
478,"DM-12955"
464,"JL-15235"
161,"NP-18685"
531,"BP-11095"
275,"SN-20710"
433,"DS-13180"
276,"HL-15040"
151,"MS-17710"
74,"DC-13285"
373,"DS-13180"
501,"AS-10090"
531,"JK-15370"
433,"TS-21160"
284,"LA-16780"
373,"CC-12100"
74,"KW-16570"
501,"LS-16975"
258,"BS-11365"
160,"RP-19390"
531,"DC-12850"
155,"SG-20605"
81,"BN-11470"
84,"PT-19090"
501,"AA-10375"
84,"RB-19570"
253,"ST-20530"
494,"SV-20365"
455,"RD-19900"
132,"EP-13915"
314,"PN-18775"
376,"MA-17560"
160,"NC-18535"
501,"JL-15505"
178,"LR-17035"
433,"SF-20965"
57,"NK-18490"
399,"ST-20530"
117,"EB-13705"
373,"BD-11320"
323,"NS-18640"
450,"TB-21520"
181,"AH-10690"
454,"RB-19465"
169,"AJ-10960"
359,"MP-17965"
433,"SZ-20035"
74,"EC-14050"
365,"BF-11080"
160,"RO-19780"
486,"PC-18745"
323,"LF-17185"
433,"CB-12415"
124,"RE-19405"
160,"KL-16645"
304,"MM-18280"
70,"JA-15970"
373,"JK-15640"
6,"BG-11035"
244,"MG-17875"
31,"MH-17620"
454,"CM-12190"
47,"JL-15835"
433,"LB-16795"
160,"NP-18670"
244,"RR-19315"
132,"EH-14005"
481,"PW-19240"
302,"BG-11740"
454,"ES-14020"
506,"YS-21880"
359,"FM-14380"
240,"RP-19855"
454,"RM-19675"
105,"SC-20050"
128,"CS-12355"
373,"RD-19720"
74,"SJ-20500"
320,"BS-11380"
433,"RM-19375"
476,"AH-10690"
512,"HG-14845"
46,"DB-13210"
321,"LH-16900"
190,"JD-16150"
378,"GK-14620"
414,"SD-20485"
9,"ND-18370"
519,"CK-12205"
398,"LC-16870"
244,"DS-13030"
251,"MG-17890"
433,"GG-14650"
401,"DB-13660"
190,"CC-12430"
531,"SV-20815"
62,"LH-17155"
440,"LT-17110"
84,"JW-16075"
203,"NC-18625"
428,"DP-13105"
356,"PW-19240"
156,"NW-18400"
501,"SM-20950"
447,"EG-13900"
269,"KC-16675"
433,"AP-10915"
526,"AB-10165"
285,"RD-19480"
47,"EB-13930"
71,"DP-13390"
412,"DB-13210"
6,"TS-21610"
187,"EH-14185"
93,"GA-14725"
501,"NM-18520"
209,"MF-17665"
454,"JF-15295"
414,"MS-17770"
499,"RB-19360"
155,"AB-10600"
268,"JP-15520"
43,"CA-12775"
375,"JO-15145"
275,"MG-17650"
342,"AH-10120"
523,"VP-21730"
218,"JF-15190"
74,"TZ-21580"
396,"CP-12085"
160,"DK-12895"
501,"BW-11065"
60,"AG-10765"
117,"XP-21865"
414,"CM-12445"
155,"CS-11845"
251,"EM-13960"
236,"MH-17290"
388,"CC-12370"
6,"AJ-10795"
454,"FM-14290"
64,"KL-16645"
342,"LC-17140"
304,"SH-19975"
6,"JR-16210"
414,"DK-12835"
342,"MS-17980"
124,"JC-15385"
244,"JK-16120"
107,"BD-11320"
414,"PB-19105"
365,"AS-10225"
382,"LT-16765"
155,"CM-12385"
401,"SS-20515"
501,"EB-13750"
528,"MF-18250"
6,"EM-14095"
139,"GG-14650"
196,"QJ-19255"
160,"ME-18010"
187,"AB-10165"
150,"CP-12340"
267,"Dl-13600"
454,"CS-12130"
373,"Co-12640"
501,"MP-17965"
502,"EJ-14155"
454,"MZ-17515"
353,"BB-11545"
105,"JK-15205"
454,"JC-16105"
352,"ZD-21925"
244,"NC-18625"
514,"FC-14335"
187,"DK-13150"
38,"AS-10090"
254,"AP-10915"
269,"CC-12685"
525,"AB-10600"
437,"GZ-14545"
401,"SJ-20500"
488,"JL-15130"
433,"NC-18625"
155,"BH-11710"
501,"PJ-19015"
47,"BD-11500"
382,"ML-17410"
531,"PJ-19015"
432,"EM-14200"
85,"RC-19825"
275,"MT-17815"
373,"TP-21130"
230,"MC-17590"
6,"AH-10690"
155,"KW-16435"
414,"CC-12145"
454,"LA-16780"
523,"PS-19045"
155,"BF-11170"
433,"EC-14050"
74,"KD-16345"
414,"AH-10690"
507,"SV-20785"
117,"SB-20290"
476,"DS-13180"
454,"ML-17410"
454,"AA-10375"
454,"GM-14695"
160,"SC-20260"
501,"CS-12490"
116,"SG-20605"
441,"EM-13825"
236,"SJ-20500"
11,"BP-11290"
43,"SF-20200"
186,"TB-21400"
485,"LS-16975"
60,"BW-11200"
501,"JE-15475"
421,"SN-20710"
160,"Dl-13600"
47,"SA-20830"
501,"TG-21310"
351,"GZ-14470"
501,"JP-16135"
356,"JL-15130"
477,"SC-20440"
368,"JM-16195"
16,"KN-16705"
404,"PR-18880"
5,"DK-13375"
47,"RA-19285"
397,"AB-10165"
223,"SW-20455"
84,"JK-15730"
156,"ND-18370"
260,"DP-13390"
454,"SO-20335"
501,"MA-17560"
178,"TH-21235"
99,"MG-17890"
6,"KH-16690"
414,"SC-20725"
377,"DC-12850"
501,"DM-13525"
190,"BD-11320"
276,"BM-11650"
43,"DO-13435"
373,"SF-20065"
381,"DR-12880"
9,"EM-14140"
501,"ST-20530"
501,"EH-13990"
408,"FM-14380"
501,"CA-12055"
211,"PS-19045"
209,"LP-17095"
373,"DK-13225"
373,"MW-18220"
454,"RD-19810"
49,"HM-14860"
53,"ML-17395"
454,"AB-10600"
128,"KL-16645"
369,"AD-10180"
150,"AG-10900"
319,"NC-18340"
501,"SG-20470"
175,"CS-12490"
388,"KD-16495"
507,"AH-10690"
454,"FC-14245"
373,"BP-11290"
373,"EB-14110"
251,"RP-19390"
373,"AC-10615"
160,"ED-13885"
419,"SM-20950"
74,"JR-16210"
373,"AB-10255"
414,"KT-16465"
62,"RF-19735"
461,"NM-18445"
74,"CS-12505"
501,"SF-20200"
499,"DM-12955"
501,"JL-15235"
258,"AA-10645"
296,"KB-16315"
344,"BT-11395"
414,"DD-13570"
141,"GD-14590"
522,"JS-15880"
339,"RB-19435"
525,"ES-14080"
388,"RD-19810"
359,"SC-20305"
501,"BG-11695"
71,"GZ-14470"
371,"LS-17200"
490,"CK-12205"
74,"ES-14020"
342,"CS-11860"
501,"MC-17845"
371,"JK-15370"
284,"AS-10045"
247,"CB-12025"
74,"LS-17245"
195,"SS-20875"
115,"TB-21595"
74,"BD-11605"
155,"SB-20170"
433,"BD-11500"
55,"KF-16285"
454,"BS-11755"
95,"AZ-10750"
438,"XP-21865"
334,"CS-12355"
254,"BS-11755"
76,"EP-13915"
501,"CS-12250"
74,"CB-12535"
382,"NG-18355"
74,"DS-13180"
254,"KT-16480"
462,"PS-19045"
414,"MT-18070"
476,"RW-19630"
476,"LA-16780"
424,"Co-12640"
143,"NW-18400"
71,"MF-17665"
32,"SJ-20215"
477,"GA-14725"
373,"DJ-13510"
71,"PW-19240"
74,"MT-17815"
454,"BT-11395"
342,"DW-13540"
74,"KC-16255"
27,"TP-21130"
501,"HM-14860"
353,"HZ-14950"
454,"JF-15490"
74,"AI-10855"
359,"DL-13330"
244,"ME-17725"
169,"EH-14125"
454,"MH-17455"
62,"KD-16495"
338,"MC-17275"
71,"JF-15355"
24,"AW-10840"
485,"PG-18820"
465,"SA-20830"
414,"EM-13825"
433,"CS-12460"
481,"SC-20845"
143,"RD-19480"
414,"TB-21175"
412,"NB-18655"
111,"DM-13525"
74,"NK-18490"
310,"HP-14815"
160,"AB-10015"
338,"RO-19780"
84,"JD-15790"
455,"PF-19165"
501,"AS-10225"
187,"MC-17635"
320,"BD-11635"
160,"KC-16540"
328,"ON-18715"
519,"DP-13105"
501,"RF-19735"
155,"JD-16015"
382,"KL-16555"
141,"JM-15865"
155,"JW-16075"
117,"NP-18325"
373,"QJ-19255"
116,"DM-13345"
23,"AG-10270"
401,"JJ-15445"
152,"LA-16780"
433,"CC-12100"
182,"PF-19165"
373,"BO-11350"
356,"RW-19690"
6,"ML-17755"
70,"JL-15505"
193,"SL-20155"
52,"BM-11140"
454,"CC-12370"
23,"SC-20095"
155,"BD-11500"
49,"AB-10150"
373,"AG-10270"
456,"SW-20245"
160,"PP-18955"
414,"KB-16585"
239,"RD-19810"
323,"RF-19840"
117,"SW-20455"
501,"GB-14575"
525,"DB-13615"
219,"GH-14665"
433,"EA-14035"
160,"AP-10915"
258,"RF-19735"
134,"VM-21835"
414,"GT-14710"
26,"YC-21895"
160,"LL-16840"
337,"KB-16315"
433,"KB-16600"
43,"JL-15850"
513,"ER-13855"
190,"DL-12925"
401,"MY-18295"
349,"SF-20200"
410,"BE-11335"
248,"JM-15865"
118,"LW-17215"
136,"CL-12565"
18,"DA-13450"
74,"RB-19795"
265,"CK-12205"
356,"TS-21370"
414,"SV-20815"
354,"JL-15175"
189,"TB-21280"
521,"BB-10990"
212,"SN-20710"
74,"RA-19885"
506,"BB-11545"
223,"AS-10240"
47,"BO-11425"
2,"KN-16390"
62,"RM-19375"
55,"BP-11050"
454,"JM-15250"
155,"BS-11665"
323,"DS-13180"
454,"RD-19930"
165,"EB-13705"
340,"CC-12220"
414,"DB-13210"
6,"ME-17320"
6,"KN-16390"
499,"PN-18775"
454,"BT-11530"
373,"TT-21070"
74,"PG-18895"
452,"KB-16600"
155,"HW-14935"
284,"CS-12130"
433,"AR-10570"
296,"FO-14305"
160,"SC-20380"
414,"SN-20710"
454,"GB-14530"
414,"ED-13885"
257,"LT-16765"
160,"ML-18265"
391,"KF-16285"
373,"RK-19300"
373,"LS-17200"
454,"TT-21220"
256,"SW-20275"
92,"ZC-21910"
54,"AS-10630"
417,"HM-14860"
162,"NP-18670"
243,"DK-13375"
74,"JM-16195"
241,"JM-15535"
209,"PS-18970"
190,"SC-20095"
501,"MC-17275"
5,"PO-18865"
246,"HG-14965"
118,"SN-20710"
112,"EM-14140"
246,"IM-15070"
453,"RK-19300"
460,"BG-11035"
55,"TW-21025"
155,"DP-13000"
457,"NB-18580"
160,"HR-14830"
373,"EH-14005"
254,"NP-18700"
342,"LH-17155"
369,"NC-18415"
512,"DR-12940"
284,"RB-19330"
454,"AB-10255"
169,"DB-13120"
155,"HK-14890"
401,"DR-12880"
521,"JS-15880"
235,"EH-14005"
501,"DL-12865"
160,"JM-15265"
485,"AA-10375"
420,"DW-13585"
373,"AY-10555"
178,"KF-16285"
373,"AG-10495"
160,"HJ-14875"
342,"LS-16945"
357,"GH-14410"
382,"DH-13075"
113,"MC-17275"
433,"CR-12625"
321,"GB-14530"
373,"AW-10930"
323,"MT-18070"
454,"SP-20860"
501,"CJ-12010"
47,"JD-15895"
398,"RP-19390"
160,"AC-10450"
155,"ME-17320"
1,"SS-20590"
495,"ON-18715"
421,"MK-17905"
223,"CA-12775"
192,"KH-16630"
454,"BW-11200"
414,"MV-18190"
160,"AJ-10795"
225,"TC-21295"
186,"GM-14695"
414,"SC-20695"
414,"CM-12655"
321,"TT-21220"
269,"AH-10210"
414,"LC-17140"
433,"GM-14455"
155,"AG-10900"
356,"SF-20065"
90,"BT-11305"
155,"CV-12295"
373,"EB-13705"
244,"SW-20245"
27,"AA-10645"
69,"CK-12325"
433,"NH-18610"
181,"EB-13750"
414,"EP-13915"
143,"AG-10300"
105,"EH-14005"
501,"AC-10615"
209,"Dp-13240"
433,"LT-17110"
141,"KH-16510"
408,"TD-20995"
120,"SP-20860"
185,"TG-21310"
338,"DC-12850"
350,"DL-13315"
476,"BS-11755"
155,"MA-17560"
373,"SP-20860"
454,"SV-20365"
501,"DL-13315"
37,"DK-12835"
454,"AT-10735"
74,"ND-18370"
454,"EH-13945"
373,"CC-12610"
74,"JL-15850"
43,"MS-17710"
399,"JC-15775"
165,"WB-21850"
160,"FP-14320"
160,"JK-15625"
270,"CS-12250"
454,"KB-16315"
276,"MP-18175"
501,"AR-10405"
160,"JF-15415"
477,"MJ-17740"
63,"RM-19675"
123,"WB-21850"
53,"CA-11965"
373,"MA-17560"
338,"MY-17380"
178,"CB-12415"
501,"SC-20440"
477,"DM-13015"
450,"AC-10615"
310,"LO-17170"
211,"CD-11920"
401,"MM-17920"
437,"RD-19900"
318,"EG-13900"
515,"PV-18985"
414,"CC-12610"
165,"KD-16615"
158,"CM-11815"
97,"AF-10870"
433,"HZ-14950"
335,"KC-16255"
119,"LO-17170"
388,"ML-18265"
74,"JP-15520"
373,"PO-18850"
284,"GM-14455"
328,"BT-11680"
468,"JE-15715"
425,"AR-10405"
454,"EB-14110"
88,"AH-10075"
373,"BG-11740"
244,"NR-18550"
481,"KC-16675"
6,"PM-18940"
156,"JF-15490"
55,"EH-13945"
501,"NP-18700"
489,"KM-16720"
96,"JK-15730"
122,"RW-19690"
11,"PB-19105"
155,"HE-14800"
327,"CA-11965"
54,"DO-13645"
67,"RD-19720"
373,"JK-15625"
373,"CK-12595"
84,"DB-13555"
241,"PG-18820"
74,"SW-20455"
476,"DW-13480"
373,"NS-18505"
373,"RB-19330"
417,"JM-15580"
501,"SC-20725"
454,"BF-11170"
359,"BD-11605"
492,"BF-11170"
155,"PO-19180"
446,"DF-13135"
477,"DK-13375"
501,"CA-12265"
269,"TB-21175"
74,"CA-12265"
433,"BP-11290"
311,"TD-20995"
501,"NP-18325"
4,"AT-10435"
169,"LL-16840"
337,"TS-21610"
373,"NH-18610"
74,"LS-16975"
117,"AS-10090"
48,"LB-16795"
145,"KW-16570"
207,"KM-16720"
117,"RF-19735"
357,"BN-11515"
160,"EJ-14155"
19,"MS-17365"
26,"KB-16585"
246,"KW-16435"
476,"MS-17365"
401,"KL-16645"
48,"BP-11095"
492,"DM-12955"
383,"MY-18295"
373,"JO-15145"
71,"RF-19735"
305,"JC-16105"
160,"EB-13750"
155,"AH-10195"
454,"AM-10360"
342,"ME-17320"
75,"JO-15145"
372,"EB-13750"
373,"RB-19795"
501,"TC-21295"
224,"RA-19945"
74,"FC-14335"
339,"SC-20695"
454,"CT-11995"
111,"AJ-10780"
494,"AH-10030"
4,"RS-19420"
74,"JK-15205"
71,"EA-14035"
74,"AJ-10795"
434,"AM-10705"
26,"DK-12835"
283,"SC-20095"
501,"TA-21385"
209,"JA-15970"
306,"AS-10285"
501,"MZ-17515"
476,"DL-13495"
53,"JK-15640"
275,"BB-11545"
47,"VB-21745"
371,"LA-16780"
433,"SS-20140"
47,"MM-17920"
481,"JW-15955"
209,"TS-21085"
494,"MP-18175"
84,"KN-16450"
519,"SO-20335"
414,"CJ-12010"
254,"LS-16945"
74,"TS-21610"
160,"RW-19630"
454,"JS-15595"
501,"SB-20170"
112,"KS-16300"
404,"AG-10495"
74,"TR-21325"
275,"MH-18115"
198,"PO-18850"
49,"EA-14035"
209,"JM-15865"
6,"EA-14035"
501,"RW-19630"
482,"GH-14485"
435,"NP-18685"
454,"HP-14815"
276,"HR-14770"
84,"TB-21280"
531,"BE-11410"
244,"AW-10930"
18,"TC-21475"
160,"JC-15775"
359,"FG-14260"
160,"BF-11020"
454,"MO-17800"
254,"BS-11380"
198,"TH-21550"
118,"BF-11005"
322,"CA-12265"
160,"JM-15580"
41,"DB-13405"
143,"JD-15895"
421,"DK-12895"
406,"AH-10195"
155,"KB-16600"
107,"JE-16165"
267,"BS-11755"
74,"SC-20725"
261,"SG-20470"
454,"BM-11575"
342,"NB-18655"
158,"CC-12145"
501,"AB-10060"
414,"JP-15460"
501,"TB-21175"
373,"BT-11485"
454,"DP-13390"
454,"JM-15535"
454,"HM-14980"
169,"SW-20455"
165,"CA-12310"
501,"RD-19810"
433,"KS-16300"
476,"OT-18730"
246,"DC-12850"
6,"CP-12085"
373,"SW-20245"
501,"CC-12475"
209,"AB-10105"
43,"HJ-14875"
194,"CA-12265"
342,"EM-13825"
454,"MG-18145"
307,"TN-21040"
74,"LR-17035"
373,"GW-14605"
155,"MY-17380"
501,"PP-18955"
454,"KD-16615"
436,"LS-17200"
269,"ME-17320"
243,"SS-20875"
401,"BH-11710"
296,"XP-21865"
74,"EP-13915"
401,"NF-18385"
390,"PO-18850"
69,"TM-21010"
186,"DD-13570"
275,"NF-18385"
155,"SU-20665"
487,"CM-12190"
373,"EB-13870"
299,"RD-19660"
187,"AH-10465"
266,"EP-13915"
8,"CM-12445"
210,"KH-16330"
253,"NP-18685"
454,"OT-18730"
275,"SH-20635"
529,"BW-11110"
261,"NP-18685"
384,"MM-18280"
84,"SP-20860"
471,"AJ-10780"
454,"BF-11020"
74,"DB-13120"
74,"KT-16480"
169,"SP-20860"
286,"EB-13750"
510,"LC-16885"
490,"KN-16705"
71,"JD-15895"
226,"PW-19030"
471,"AB-10255"
501,"PN-18775"
320,"KH-16330"
254,"DG-13300"
323,"CC-12220"
258,"EC-14050"
160,"VF-21715"
487,"RD-19585"
492,"LC-16930"
155,"MK-17905"
531,"MJ-17740"
441,"VW-21775"
84,"PO-18850"
501,"MV-17485"
9,"JP-15460"
447,"CC-12220"
244,"SC-20440"
401,"YS-21880"
501,"TT-21220"
234,"NR-18550"
501,"AG-10390"
141,"LE-16810"
513,"RS-19765"
67,"AA-10480"
463,"JH-15820"
359,"AR-10345"
388,"JM-15250"
373,"TD-20995"
337,"CS-11950"
371,"MG-17890"
338,"HF-14995"
74,"SF-20965"
71,"DN-13690"
267,"AS-10240"
74,"SH-20395"
158,"GA-14515"
74,"SC-20680"
501,"FH-14275"
373,"NW-18400"
342,"CG-12520"
310,"TB-21520"
352,"JL-15175"
501,"DK-13375"
117,"JG-15805"
169,"RD-19810"
79,"DP-13390"
244,"KE-16420"
501,"CV-12805"
141,"SE-20110"
501,"KL-16645"
117,"BS-11800"
321,"EM-13810"
117,"CC-12145"
382,"SC-20380"
342,"DB-13270"
269,"GW-14605"
160,"JK-15640"
165,"BD-11620"
211,"GM-14500"
394,"BN-11470"
410,"MM-17920"
129,"JD-15790"
342,"JF-15565"
47,"ZD-21925"
531,"DL-12865"
373,"BF-10975"
79,"BP-11095"
169,"AC-10615"
211,"BV-11245"
160,"LP-17080"
485,"SW-20350"
373,"GM-14500"
501,"HG-14845"
401,"KB-16315"
243,"RS-19765"
51,"FO-14305"
197,"CK-12595"
209,"RP-19390"
50,"PF-19120"
404,"EB-13930"
74,"AH-10120"
160,"BT-11305"
155,"GM-14500"
276,"LS-17200"
145,"BD-11605"
56,"JM-16195"
414,"RD-19480"
342,"YC-21895"
346,"CD-11980"
449,"NM-18445"
160,"CS-11845"
454,"AB-10060"
477,"JL-15130"
454,"VF-21715"
424,"LS-17200"
47,"BD-11725"
266,"ON-18715"
117,"JE-15745"
276,"CM-12235"
401,"ME-17725"
454,"JM-15580"
531,"BD-11605"
481,"LT-16765"
499,"MB-17305"
342,"RA-19915"
160,"MC-17575"
155,"LS-16975"
405,"AP-10720"
275,"AB-10255"
414,"CS-11845"
414,"DA-13450"
406,"OT-18730"
433,"BD-11635"
155,"PL-18925"
74,"GW-14605"
433,"ME-17320"
50,"KM-16375"
414,"JD-16060"
414,"NZ-18565"
501,"MO-17500"
117,"TH-21100"
74,"SG-20470"
352,"TT-21070"
159,"CK-12595"
53,"ES-14080"
470,"SJ-20125"
373,"GB-14530"
116,"MD-17860"
47,"PW-19030"
88,"JO-15550"
223,"CC-12670"
247,"TB-21355"
74,"PK-19075"
209,"TN-21040"
117,"RA-19285"
402,"BC-11125"
501,"TW-21025"
74,"DJ-13420"
74,"CC-12550"
501,"SL-20155"
155,"RL-19615"
48,"LW-17125"
435,"MD-17860"
148,"DW-13195"
65,"PW-19030"
414,"TC-21295"
6,"BD-11605"
373,"JS-15940"
414,"IL-15100"
159,"BD-11320"
423,"KD-16345"
414,"BT-11680"
435,"TT-21265"
31,"LH-17155"
84,"TH-21550"
454,"SJ-20215"
384,"AR-10540"
57,"MD-17860"
74,"BS-11755"
2,"NC-18535"
476,"TP-21130"
454,"MS-17830"
134,"LC-17050"
428,"PA-19060"
47,"PF-19120"
477,"HG-14965"
155,"ME-17725"
414,"VB-21745"
161,"BV-11245"
452,"RC-19960"
251,"AJ-10780"
501,"CS-11950"
160,"RB-19465"
170,"TB-21625"
477,"BM-11650"
481,"BS-11590"
323,"BM-11140"
371,"NP-18700"
317,"DL-13330"
155,"AS-10090"
176,"ML-17755"
155,"CY-12745"
455,"AB-10105"
476,"AG-10495"
47,"FM-14290"
454,"SP-20920"
74,"EH-14125"
198,"JH-15430"
160,"MW-18220"
501,"KN-16390"
6,"PG-18895"
310,"AA-10480"
454,"DP-13000"
501,"JC-15340"
501,"CM-12115"
74,"MM-17920"
513,"BF-10975"
454,"CS-12400"
414,"AD-10180"
501,"GW-14605"
497,"BT-11395"
501,"MM-18055"
435,"KB-16315"
370,"MO-17800"
501,"BD-11770"
373,"AC-10420"
377,"IM-15055"
71,"CL-12565"
373,"CK-12205"
435,"HW-14935"
71,"DB-13060"
276,"CG-12040"
529,"EB-13975"
433,"BS-11590"
433,"PJ-19015"
157,"ML-17395"
531,"RF-19345"
117,"PG-18820"
74,"GM-14695"
501,"BT-11440"
274,"PS-18760"
392,"NS-18640"
525,"AG-10900"
6,"SE-20110"
85,"EH-14125"
359,"AC-10660"
74,"MK-18160"
24,"RA-19885"
475,"PO-19180"
297,"KB-16315"
476,"RW-19540"
411,"SC-20695"
481,"BP-11095"
420,"CC-12220"
501,"EB-13870"
307,"KC-16675"
501,"RD-19585"
321,"KH-16360"
502,"KH-16630"
530,"LB-16795"
160,"SS-20590"
227,"DP-13000"
492,"SH-20635"
156,"TB-21520"
85,"HG-14965"
84,"AJ-10795"
454,"JM-16195"
12,"GB-14530"
178,"CS-12355"
454,"RP-19855"
354,"LH-16750"
12,"CV-12805"
445,"NF-18595"
383,"BC-11125"
384,"TD-20995"
334,"BM-11785"
155,"SN-20560"
130,"VG-21790"
303,"AH-10465"
84,"MG-18145"
74,"AC-10660"
421,"PJ-18835"
323,"PS-18760"
454,"SS-20410"
139,"CG-12040"
160,"FG-14260"
531,"EM-14200"
155,"TS-21205"
160,"GM-14500"
354,"ND-18460"
62,"MC-17575"
187,"RE-19450"
155,"JB-15400"
501,"EP-13915"
414,"NS-18640"
452,"LW-17215"
292,"SH-19975"
433,"JS-16030"
65,"JM-16195"
12,"PG-18895"
141,"KH-16360"
275,"VD-21670"
160,"ML-17395"
160,"LC-17140"
155,"SC-20305"
276,"JE-15610"
87,"CD-11980"
396,"SC-20050"
454,"DB-13615"
454,"AR-10825"
192,"VD-21670"
373,"AR-10510"
501,"CK-12595"
399,"KC-16255"
289,"NP-18325"
401,"EM-14140"
160,"SJ-20125"
117,"CS-12250"
155,"SC-20575"
454,"VS-21820"
414,"DS-13180"
185,"DB-13555"
366,"SC-20845"
501,"CP-12085"
433,"BS-11365"
63,"PV-18985"
117,"GM-14440"
477,"NF-18595"
495,"DL-12925"
30,"JA-15970"
414,"PT-19090"
501,"TB-21520"
53,"CC-12475"
165,"MD-17350"
237,"HK-14890"
231,"GM-14500"
501,"VP-21730"
133,"PF-19225"
522,"DL-13315"
22,"JF-15295"
244,"FM-14380"
414,"KD-16270"
146,"DR-12940"
286,"CA-11965"
160,"VG-21790"
84,"BF-11170"
476,"HJ-14875"
414,"TB-21355"
476,"CV-12295"
501,"DN-13690"
501,"JE-15715"
501,"NG-18355"
414,"MY-18295"
165,"AH-10210"
254,"RB-19795"
262,"RA-19945"
74,"MS-17365"
371,"CV-12295"
501,"RR-19525"
74,"BP-11095"
74,"TS-21340"
246,"SG-20470"
320,"NM-18520"
337,"KH-16330"
401,"PP-18955"
373,"BW-11065"
275,"PM-18940"
190,"JC-16105"
435,"VP-21760"
501,"SC-20260"
310,"SB-20185"
71,"GB-14575"
276,"PV-18985"
335,"FP-14320"
454,"DO-13435"
155,"MM-18055"
495,"JK-16120"
47,"AG-10900"
311,"JS-15940"
275,"FM-14380"
501,"TD-20995"
194,"RH-19510"
190,"DV-13465"
481,"SR-20425"
49,"CM-12235"
132,"HL-15040"
521,"JD-16015"
414,"RO-19780"
104,"JL-15505"
106,"DB-13360"
404,"AG-10525"
373,"SC-20440"
454,"JF-15190"
501,"GT-14635"
359,"JW-15220"
84,"AB-10600"
151,"LM-17065"
454,"JE-15715"
290,"JK-15730"
334,"MG-17890"
454,"EP-13915"
208,"CS-12175"
155,"DP-13165"
501,"RF-19840"
454,"MS-17365"
6,"TP-21130"
520,"PR-18880"
531,"DH-13675"
250,"KA-16525"
160,"JL-15850"
187,"JG-15805"
74,"LC-16870"
525,"CP-12085"
501,"DC-12850"
501,"RB-19705"
187,"TC-20980"
454,"TS-21340"
377,"SC-20695"
6,"MB-18085"
344,"BG-11695"
392,"MS-17365"
118,"JF-15355"
342,"SP-20860"
74,"AJ-10945"
74,"KT-16465"
342,"MC-17845"
494,"JE-15475"
377,"MB-18085"
275,"MA-17560"
470,"LS-17200"
414,"KT-16480"
354,"AJ-10945"
155,"JF-15490"
71,"SO-20335"
155,"JL-15235"
2,"SC-20440"
71,"JB-16000"
481,"LH-17020"
501,"KB-16600"
330,"SZ-20035"
269,"KC-16255"
32,"LS-17230"
353,"EH-14125"
187,"BP-11290"
454,"MV-17485"
182,"KF-16285"
234,"DS-13180"
269,"AH-10075"
499,"BG-11035"
178,"PJ-19015"
155,"CS-11950"
4,"TB-21055"
84,"RC-19960"
476,"EP-13915"
442,"BD-11500"
155,"NF-18595"
117,"JE-15610"
209,"MZ-17335"
454,"RH-19510"
389,"TM-21010"
9,"TH-21100"
501,"PK-19075"
342,"AG-10900"
454,"JC-15775"
53,"VW-21775"
198,"SV-20785"
373,"GB-14575"
373,"CJ-12010"
373,"JF-15190"
433,"CC-12430"
41,"FA-14230"
106,"DO-13435"
373,"EA-14035"
382,"EB-13975"
340,"DB-13405"
414,"KB-16600"
501,"JG-15805"
74,"LD-17005"
148,"Dp-13240"
364,"CB-12025"
373,"DV-13045"
84,"SC-20260"
155,"CM-12190"
328,"KH-16630"
318,"LC-16930"
499,"PK-19075"
501,"BO-11425"
187,"SC-20770"
225,"CK-12205"
118,"SJ-20215"
252,"TC-21295"
501,"SW-20755"
122,"BD-11725"
414,"RC-19960"
414,"DW-13195"
433,"ML-17410"
243,"MG-17650"
318,"VS-21820"
501,"AP-10720"
193,"JP-16135"
178,"JW-15955"
160,"GG-14650"
117,"MP-18175"
74,"PW-19240"
155,"RC-19825"
155,"NS-18640"
390,"AS-10090"
373,"SF-20200"
522,"SC-20380"
55,"JG-15160"
160,"AH-10585"
254,"CC-12610"
414,"SV-20365"
60,"BG-11035"
477,"MW-18220"
6,"DK-13090"
71,"BB-11545"
422,"EL-13735"
137,"SJ-20125"
65,"CM-12235"
414,"NC-18415"
506,"NP-18325"
74,"AS-10225"
481,"SS-20515"
267,"JK-15640"
74,"BC-11125"
161,"BE-11455"
139,"MP-17965"
451,"TA-21385"
370,"DL-13495"
155,"RB-19465"
477,"LT-17110"
454,"SC-20095"
342,"DB-13660"
454,"AI-10855"
373,"TH-21235"
118,"HA-14920"
85,"IM-15070"
74,"SC-20260"
433,"EB-14110"
476,"TH-21550"
454,"JD-15790"
454,"JG-15310"
74,"NZ-18565"
454,"CS-11950"
522,"JC-16105"
74,"HG-14965"
133,"BS-11755"
62,"SA-20830"
501,"AG-10525"
501,"SR-20740"
342,"SE-20110"
454,"DB-12970"
74,"CB-12025"
401,"HE-14800"
517,"LC-16885"
501,"CK-12760"
74,"AH-10690"
228,"MG-17890"
74,"AY-10555"
251,"JM-15250"
244,"LC-16870"
26,"DK-13090"
164,"EM-14065"
454,"KM-16720"
513,"EA-14035"
531,"HR-14830"
12,"MS-17710"
454,"XP-21865"
342,"GA-14515"
410,"PW-19030"
501,"SV-20365"
74,"ED-13885"
342,"PJ-18835"
414,"DH-13075"
310,"GM-14455"
401,"YC-21895"
71,"JL-15175"
196,"ER-13855"
74,"PG-18820"
118,"LC-16930"
373,"AP-10720"
500,"AT-10435"
527,"RD-19480"
501,"VW-21775"
501,"DS-13030"
284,"JF-15355"
456,"SU-20665"
304,"MP-17470"
531,"PA-19060"
53,"JM-15535"
144,"MY-18295"
501,"KC-16255"
74,"AR-10540"
74,"KL-16645"
6,"JA-15970"
485,"BM-11650"
476,"MV-18190"
38,"TW-21025"
183,"MA-17560"
382,"CS-12355"
74,"SH-19975"
155,"KL-16645"
513,"EB-13975"
466,"CA-11965"
373,"NB-18655"
414,"HK-14890"
244,"EH-14125"
501,"JF-15415"
141,"SC-20260"
373,"DB-13210"
454,"GH-14410"
155,"ML-17755"
219,"EB-13750"
221,"RH-19510"
424,"BW-11200"
21,"AF-10870"
223,"DB-12910"
160,"KB-16600"
446,"RB-19465"
53,"MG-17650"
297,"CS-12505"
454,"LS-16945"
454,"GA-14515"
413,"JO-15280"
414,"FO-14305"
136,"RB-19465"
31,"NG-18430"
378,"LC-16885"
454,"AJ-10780"
79,"LO-17170"
233,"JM-15655"
501,"Dp-13240"
307,"JC-15775"
74,"TT-21460"
117,"CM-12190"
357,"GT-14710"
246,"Co-12640"
186,"RC-19825"
373,"EP-13915"
117,"EP-13915"
90,"EH-13945"
373,"RS-19870"
185,"BF-11170"
6,"BE-11455"
155,"TH-21235"
467,"BM-11575"
209,"TS-21370"
454,"CC-12670"
481,"ME-17725"
155,"FH-14350"
447,"RF-19840"
84,"JG-15115"
176,"RS-19420"
454,"HG-14965"
12,"LB-16735"
148,"AH-10075"
433,"VF-21715"
100,"CJ-12010"
322,"RS-19765"
501,"MM-18280"
74,"TM-21490"
341,"GG-14650"
466,"MP-17965"
433,"CC-12610"
454,"SC-20305"
373,"AG-10765"
414,"HG-14845"
454,"BF-11005"
373,"JB-16000"
501,"MF-18250"
454,"VW-21775"
31,"MC-17575"
163,"TS-21340"
501,"AH-10030"
6,"FC-14245"
301,"BF-10975"
105,"SC-20695"
476,"JL-15835"
136,"MT-18070"
9,"AI-10855"
160,"MV-17485"
117,"KF-16285"
74,"HA-14920"
433,"RA-19885"
501,"RM-19675"
160,"ME-17725"
526,"CR-12580"
335,"JK-15370"
110,"BP-11185"
115,"MH-17785"
513,"JM-15250"
37,"DB-12910"
334,"GA-14725"
454,"PO-18850"
325,"SS-20875"
414,"PO-18850"
433,"NZ-18565"
454,"PP-18955"
143,"VP-21730"
531,"TB-21400"
155,"RB-19570"
105,"JH-15430"
433,"KN-16390"
373,"VM-21685"
501,"MG-17875"
428,"RE-19450"
141,"GZ-14470"
501,"SU-20665"
412,"DO-13645"
234,"HG-15025"
160,"CS-12250"
414,"AT-10735"
501,"KD-16345"
74,"FC-14245"
513,"EB-14170"
155,"JH-15910"
352,"CS-12175"
153,"GK-14620"
373,"EG-13900"
373,"VG-21805"
178,"ND-18370"
6,"SR-20425"
437,"KM-16375"
338,"JO-15280"
477,"VM-21685"
117,"DW-13480"
151,"JG-15805"
109,"TB-21055"
379,"JH-15985"
234,"NM-18520"
518,"DJ-13420"
433,"SP-20920"
444,"DM-13015"
168,"EM-13825"
521,"CS-12490"
160,"PW-19030"
211,"EG-13900"
454,"SC-20050"
414,"JE-15475"
373,"SV-20785"
160,"NM-18520"
476,"MP-17965"
488,"TB-21190"
377,"JO-15550"
202,"BE-11410"
454,"ZD-21925"
454,"JL-15835"
155,"FO-14305"
373,"BN-11470"
298,"AS-10285"
74,"SP-20620"
323,"EB-13870"
454,"YC-21895"
501,"AH-10075"
454,"CK-12595"
74,"JF-15565"
189,"KH-16630"
34,"SF-20200"
169,"TT-21070"
454,"GT-14755"
178,"AR-10825"
382,"CC-12220"
414,"DW-13540"
74,"CS-12400"
117,"ED-13885"
357,"HG-15025"
414,"CG-12520"
74,"HF-14995"
117,"MG-17890"
74,"CK-12760"
437,"DL-13495"
412,"EM-13825"
275,"MC-17845"
155,"GG-14650"
239,"EB-13705"
72,"MH-17455"
141,"MC-17590"
160,"AH-10210"
74,"VW-21775"
454,"RB-19795"
359,"AG-10270"
501,"PG-18820"
401,"DM-13345"
373,"MY-18295"
526,"EH-13990"
476,"MC-17605"
477,"DB-13660"
20,"JM-16195"
342,"DB-13120"
501,"AH-10195"
129,"TP-21565"
454,"JB-15400"
62,"GM-14680"
331,"FM-14290"
373,"CC-12370"
454,"PB-19150"
296,"PP-18955"
185,"BW-11065"
454,"MB-18085"
136,"AG-10330"
117,"AZ-10750"
128,"FH-14350"
160,"DO-13435"
454,"MC-17605"
501,"AJ-10795"
284,"TB-21250"
156,"DK-12835"
377,"AI-10855"
381,"CL-12565"
204,"ON-18715"
364,"PO-18865"
284,"NG-18430"
476,"FM-14380"
401,"DB-13555"
342,"NC-18625"
324,"TH-21235"
155,"TS-21370"
373,"JK-16120"
244,"KA-16525"
74,"DW-13585"
501,"JB-15400"
31,"MB-17305"
160,"AS-10285"
373,"PW-19240"
6,"CA-12265"
74,"AH-10465"
501,"RP-19390"
397,"CG-12040"
531,"LF-17185"
30,"BF-11020"
49,"JK-15730"
155,"BM-11575"
414,"VD-21670"
333,"SP-20620"
501,"SP-20545"
353,"SC-20695"
416,"CD-12790"
445,"XP-21865"
454,"MT-18070"
373,"BS-11665"
356,"JM-16195"
229,"AW-10840"
155,"SP-20920"
323,"MY-17380"
395,"AH-10030"
401,"BT-11680"
513,"GA-14725"
74,"TS-21505"
160,"MR-17545"
61,"CB-12535"
284,"RD-19930"
84,"FM-14380"
433,"AR-10825"
454,"TC-21535"
223,"SP-20620"
501,"BC-11125"
431,"CB-12535"
169,"PG-18895"
373,"PS-18760"
494,"DW-13585"
82,"KB-16240"
160,"PB-18805"
53,"EH-14125"
499,"RR-19525"
109,"TS-21430"
244,"LP-17095"
122,"RD-19720"
342,"JP-15460"
160,"SF-20200"
501,"EC-14050"
513,"JL-15835"
225,"SF-20065"
454,"JM-15265"
501,"ED-13885"
169,"RK-19300"
454,"AG-10300"
373,"RW-19690"
501,"TB-21190"
234,"FM-14380"
163,"CC-12670"
117,"HW-14935"
225,"TH-21550"
6,"PP-18955"
455,"LT-17110"
222,"JB-15400"
160,"MS-17530"
15,"BK-11260"
198,"HM-14980"
175,"JE-15610"
74,"BW-11200"
74,"RH-19510"
454,"PC-19000"
6,"MN-17935"
449,"KM-16720"
506,"PR-18880"
454,"JK-15325"
417,"PC-18745"
481,"KH-16360"
309,"AR-10540"
454,"TB-21520"
414,"MB-18085"
373,"DD-13570"
74,"MZ-17335"
531,"SC-20575"
160,"MH-18025"
378,"CC-12550"
496,"SC-20305"
275,"ES-14020"
454,"BH-11710"
210,"Dp-13240"
198,"RS-19870"
373,"JP-16135"
151,"AS-10135"
501,"HZ-14950"
501,"JM-15250"
52,"ME-17320"
20,"JO-15145"
352,"KB-16240"
501,"RA-19915"
160,"TC-20980"
160,"TT-21070"
516,"BO-11350"
502,"EK-13795"
474,"CM-12385"
242,"KM-16375"
316,"BB-10990"
531,"RA-19945"
414,"AW-10930"
454,"SC-20725"
160,"YS-21880"
373,"EH-14185"
432,"TT-21220"
414,"ZC-21910"
160,"MM-17260"
342,"FO-14305"
172,"NF-18475"
199,"KN-16705"
178,"TG-21640"
401,"JD-16150"
435,"AB-10105"
485,"GT-14710"
414,"JE-15715"
454,"TT-21460"
155,"JJ-15445"
74,"LH-17020"
522,"CM-12385"
81,"RR-19525"
481,"ND-18370"
373,"FM-14290"
128,"FM-14215"
155,"ML-17410"
388,"SC-20095"
382,"SM-20950"
6,"AS-10240"
342,"LC-17050"
46,"MP-17965"
342,"RE-19450"
117,"MJ-17740"
328,"KN-16390"
476,"JA-15970"
501,"CR-12820"
53,"TC-21475"
46,"ST-20530"
454,"NM-18520"
305,"CC-12610"
80,"DE-13255"
115,"SC-20050"
447,"MM-17920"
433,"BM-11785"
74,"JK-15640"
160,"KB-16405"
74,"NP-18700"
454,"TB-21400"
122,"LP-17095"
477,"BP-11155"
117,"JW-15220"
17,"BT-11305"
120,"DJ-13510"
244,"CL-12700"
513,"TT-21460"
409,"BB-10990"
190,"KB-16315"
390,"JS-15880"
454,"EH-13765"
476,"KL-16645"
501,"DM-13345"
160,"GH-14425"
373,"MH-18115"
385,"KN-16450"
501,"DO-13435"
117,"RH-19510"
454,"RS-19765"
296,"EM-13825"
454,"JO-15145"
88,"AA-10645"
246,"SB-20290"
160,"CP-12340"
476,"NH-18610"
86,"KA-16525"
528,"IG-15085"
25,"SP-20920"
153,"GZ-14470"
463,"SC-20680"
47,"DC-13285"
160,"SS-20140"
373,"LH-16750"
506,"LC-16885"
326,"KW-16570"
52,"MG-17890"
454,"CC-12100"
90,"SC-20095"
485,"AG-10270"
151,"AM-10705"
454,"RW-19690"
401,"KC-16540"
469,"JL-15505"
433,"YS-21880"
261,"TB-21175"
6,"SH-20395"
155,"GM-14455"
503,"GT-14755"
47,"LC-16930"
74,"JF-15490"
155,"PT-19090"
454,"JA-15970"
54,"BW-11200"
454,"PS-18760"
356,"MM-17260"
44,"CW-11905"
501,"AZ-10750"
454,"AR-10540"
373,"DL-13495"
377,"LC-16885"
429,"RB-19795"
501,"BF-11080"
141,"EB-13750"
454,"EJ-13720"
84,"HR-14770"
155,"RA-19915"
307,"PO-18850"
323,"JF-15565"
501,"AG-10270"
267,"BE-11455"
338,"BG-11035"
84,"HJ-14875"
501,"AD-10180"
373,"MH-17290"
287,"AG-10330"
41,"DK-13090"
490,"MP-17965"
178,"GT-14635"
373,"PP-18955"
414,"NC-18340"
350,"MY-17380"
373,"GM-14680"
414,"JG-15160"
359,"GZ-14545"
84,"KL-16555"
6,"CL-12700"
155,"FC-14335"
447,"AI-10855"
356,"CA-12265"
373,"AR-10345"
16,"JF-15415"
254,"FA-14230"
454,"NZ-18565"
74,"TM-21010"
142,"TM-21010"
43,"TW-21025"
501,"KN-16705"
373,"JL-15850"
501,"AR-10825"
160,"TR-21325"
323,"MO-17800"
454,"TB-21190"
342,"DB-12910"
371,"BD-11560"
187,"JS-16030"
209,"TB-21280"
323,"PF-19120"
342,"SJ-20125"
454,"KN-16390"
41,"RH-19495"
478,"VB-21745"
342,"SH-19975"
454,"KT-16480"
414,"BB-11545"
373,"MH-17455"
155,"JK-16120"
414,"EH-13945"
347,"FC-14335"
454,"BD-11725"
73,"DC-12850"
372,"SP-20620"
335,"JM-15250"
529,"CC-12685"
74,"RD-19720"
304,"TP-21130"
476,"AA-10480"
155,"JF-15415"
388,"JF-15565"
84,"LT-17110"
211,"AY-10555"
241,"PN-18775"
373,"ML-17395"
433,"JB-16045"
432,"AH-10690"
388,"MC-17575"
155,"JH-15820"
454,"KE-16420"
145,"RM-19675"
155,"KD-16345"
501,"MC-17425"
117,"LC-16960"
334,"KM-16375"
244,"TP-21565"
501,"MH-17455"
414,"JK-15730"
153,"AT-10735"
159,"DB-13270"
6,"LE-16810"
74,"BD-11725"
382,"AD-10180"
373,"BC-11125"
244,"FH-14275"
47,"AG-10525"
433,"RB-19570"
154,"CK-12205"
47,"VG-21805"
401,"MG-17680"
454,"SW-20245"
373,"HM-14860"
531,"CP-12340"
531,"MK-17905"
440,"DG-13300"
425,"BH-11710"
74,"PJ-18835"
531,"PB-19150"
494,"SW-20245"
466,"CP-12340"
382,"RS-19420"
6,"DK-12835"
206,"GA-14725"
358,"JP-15520"
454,"SC-20770"
454,"FW-14395"
454,"LS-17245"
160,"SU-20665"
414,"DC-12850"
448,"PA-19060"
401,"JL-15235"
32,"WB-21850"
74,"CJ-12010"
452,"EN-13780"
454,"JB-16000"
160,"MC-17275"
447,"NF-18385"
84,"BF-11020"
375,"XP-21865"
501,"GM-14440"
117,"TD-20995"
266,"ES-14080"
434,"AH-10075"
373,"KN-16390"
373,"EH-14125"
74,"PF-19225"
29,"SS-20410"
74,"CC-12430"
201,"MA-17995"
178,"CJ-12010"
454,"DV-13045"
285,"PF-19165"
141,"AH-10075"
71,"RW-19630"
477,"BE-11410"
155,"DD-13570"
373,"AS-10090"
117,"JO-15280"
454,"LS-17230"
124,"AI-10855"
254,"ON-18715"
276,"DJ-13420"
74,"EM-13810"
528,"LT-17110"
433,"TB-21595"
499,"EB-13870"
288,"SF-20965"
348,"SF-20965"
353,"HF-14995"
414,"DM-12955"
141,"MG-17875"
384,"FM-14290"
155,"RF-19735"
293,"NW-18400"
334,"ME-17725"
484,"BC-11125"
501,"BN-11515"
433,"VB-21745"
424,"DB-13060"
84,"MG-18205"
254,"RA-19915"
278,"KB-16405"
373,"CA-12775"
454,"BN-11515"
324,"NZ-18565"
485,"SM-20950"
47,"MA-17995"
355,"LP-17095"
244,"TT-21460"
74,"MW-18235"
506,"DW-13480"
74,"FM-14290"
74,"PC-18745"
401,"SM-20905"
191,"BT-11440"
423,"JL-15505"
74,"PO-18850"
310,"CC-12430"
454,"KD-16345"
342,"ME-17725"
187,"NF-18385"
145,"JE-15715"
241,"AW-10840"
373,"JK-15370"
501,"DG-13300"
334,"AH-10120"
117,"TS-21430"
401,"GB-14530"
401,"VM-21835"
323,"PM-19135"
275,"KD-16495"
501,"SG-20890"
287,"AT-10735"
414,"MR-17545"
53,"TC-21145"
433,"TC-21475"
6,"LC-17140"
225,"XP-21865"
454,"MF-18250"
74,"JW-16075"
373,"VT-21700"
160,"HW-14935"
418,"PO-18865"
501,"MS-17980"
160,"BP-11185"
90,"SE-20110"
143,"AM-10705"
501,"AR-10540"
382,"CS-11860"
117,"JK-16120"
99,"RB-19570"
74,"AG-10300"
71,"TS-21505"
103,"TS-21505"
459,"BP-11185"
384,"SJ-20215"
528,"CM-12235"
160,"LB-16795"
513,"JG-15115"
122,"TC-20980"
476,"LD-17005"
74,"TN-21040"
74,"PB-18805"
117,"SW-20275"
309,"DJ-13510"
392,"JM-15655"
12,"TT-21460"
433,"FO-14305"
195,"AS-10045"
117,"PF-19165"
62,"EB-14110"
160,"MS-17770"
74,"CC-12475"
243,"HG-15025"
244,"DR-12940"
501,"PO-19195"
9,"KT-16465"
455,"SR-20740"
32,"TB-21625"
527,"SC-20575"
209,"MS-17365"
501,"BS-11800"
104,"SC-20020"
401,"NG-18355"
454,"GM-14680"
43,"AG-10330"
202,"JS-15940"
289,"LL-16840"
525,"LP-17080"
160,"CC-12670"
99,"SZ-20035"
128,"DB-13555"
454,"LS-16975"
310,"SC-20095"
179,"SS-20410"
310,"JE-15610"
501,"EA-14035"
194,"AS-10225"
160,"AR-10825"
284,"AR-10345"
373,"PB-19105"
529,"BG-11035"
198,"VM-21685"
320,"NP-18700"
376,"AR-10405"
251,"RC-19960"
433,"TP-21130"
258,"TS-21430"
531,"MF-17665"
304,"PP-18955"
342,"JK-15325"
402,"JG-15310"
122,"SM-20320"
492,"EH-13990"
282,"RP-19855"
310,"DL-13330"
74,"GA-14725"
56,"MH-17455"
414,"AG-10675"
531,"MH-17290"
41,"RF-19345"
160,"RW-19540"
71,"TH-21550"
117,"CK-12595"
235,"KW-16435"
373,"KH-16360"
454,"CV-12805"
276,"AG-10675"
477,"MS-17770"
84,"AM-10705"
414,"LR-17035"
305,"SL-20155"
373,"BS-11755"
369,"MH-18115"
414,"RP-19270"
522,"AA-10375"
502,"BK-11260"
74,"EB-13705"
74,"CM-12385"
476,"BD-11320"
373,"JO-15280"
409,"KM-16660"
74,"SC-20770"
501,"MS-17770"
508,"DR-12880"
501,"EB-13840"
117,"JF-15355"
178,"JF-15190"
270,"SP-20545"
454,"JD-16150"
244,"BE-11410"
454,"JE-15745"
524,"CK-12760"
67,"FM-14215"
160,"AC-10615"
239,"AT-10435"
521,"AB-10165"
501,"DP-13165"
433,"JL-15835"
267,"DC-12850"
147,"MH-17785"
454,"JM-15655"
169,"DK-13225"
353,"DB-12910"
160,"NK-18490"
373,"MC-18100"
474,"JE-16165"
373,"CB-12415"
255,"EA-14035"
158,"MC-18100"
388,"TS-21655"
454,"SN-20710"
499,"EH-14005"
75,"JE-16165"
138,"JH-15910"
117,"FP-14320"
241,"BG-11740"
150,"DB-13360"
148,"AG-10390"
334,"AM-10705"
70,"ND-18460"
501,"FM-14380"
454,"SS-20140"
178,"GT-14755"
501,"FO-14305"
195,"CC-12430"
165,"BP-11185"
155,"RD-19810"
501,"KD-16495"
373,"BS-11590"
335,"MF-17665"
210,"EH-13765"
223,"JB-15400"
294,"ML-18040"
317,"MA-17995"
472,"MW-18220"
31,"CA-12310"
414,"RP-19390"
454,"CD-12790"
373,"JW-15955"
433,"MY-18295"
68,"TS-21205"
433,"IL-15100"
501,"LW-17215"
454,"LC-16885"
501,"TS-21340"
163,"TW-21025"
369,"KD-16270"
74,"GM-14440"
155,"CL-11890"
168,"SA-20830"
414,"CC-12475"
454,"CL-12565"
136,"TB-21400"
31,"BG-11695"
113,"CB-12535"
74,"GH-14410"
454,"CA-11965"
373,"TS-21610"
178,"FH-14365"
91,"AH-10690"
118,"AS-10045"
49,"PG-18820"
4,"RM-19375"
248,"LC-16930"
454,"RA-19885"
433,"KT-16480"
281,"BD-11620"
501,"AH-10690"
435,"PO-18865"
243,"ML-17755"
373,"CG-12040"
75,"CB-12535"
86,"MC-17590"
501,"WB-21850"
480,"RH-19600"
323,"CY-12745"
104,"RB-19795"
232,"FC-14335"
218,"TB-21625"
377,"PO-19180"
499,"CK-12760"
454,"SP-20620"
77,"NR-18550"
454,"SC-20440"
433,"BD-11725"
317,"JE-15715"
74,"TB-21625"
379,"ME-17320"
476,"RD-19585"
319,"CS-12400"
423,"TC-21295"
454,"CM-12655"
95,"EH-14125"
167,"ES-14080"
373,"MF-18250"
194,"JG-15805"
435,"HF-14995"
397,"AA-10375"
506,"RD-19660"
15,"JK-15640"
388,"DW-13585"
98,"TG-21640"
70,"SP-20545"
501,"BS-11365"
477,"BD-11605"
276,"PK-19075"
117,"CD-12790"
74,"GT-14710"
74,"GZ-14470"
223,"TG-21640"
74,"PR-18880"
454,"BP-11290"
373,"BM-11785"
507,"DM-13345"
160,"DB-13615"
231,"MH-18115"
244,"GB-14530"
216,"KH-16330"
269,"DB-13555"
187,"JF-15565"
84,"SM-20320"
501,"LC-17140"
74,"JH-15985"
155,"QJ-19255"
334,"AG-10675"
96,"EH-13765"
381,"SG-20470"
501,"BP-11155"
353,"JK-16120"
53,"NP-18670"
501,"BK-11260"
12,"NC-18415"
155,"SP-20545"
87,"JH-15430"
433,"CS-12505"
187,"DH-13075"
258,"AB-10015"
414,"SC-20380"
401,"CW-11905"
491,"MC-17590"
74,"RD-19900"
342,"MG-17650"
454,"SN-20560"
414,"JJ-15760"
501,"SB-20185"
384,"DH-13675"
401,"JC-15775"
269,"DK-12985"
373,"CM-12160"
307,"RH-19555"
373,"TP-21415"
245,"DS-13180"
433,"JS-15595"
159,"TH-21115"
433,"BP-11155"
328,"KB-16585"
459,"VD-21670"
454,"PF-19225"
373,"AI-10855"
414,"GW-14605"
160,"JO-15145"
440,"DM-13345"
166,"MD-17860"
153,"HM-14860"
329,"JD-16150"
501,"PG-18895"
74,"RW-19630"
466,"SS-20140"
476,"HW-14935"
155,"CA-12265"
433,"JP-16135"
254,"DV-13465"
74,"JD-16060"
476,"CC-12100"
75,"EM-13810"
148,"DL-13315"
501,"CC-12685"
501,"JF-15490"
275,"SC-20800"
52,"KN-16390"
105,"PO-18850"
169,"GZ-14470"
296,"GM-14500"
31,"AG-10390"
414,"SM-20005"
522,"JC-15775"
489,"SC-20230"
373,"FC-14335"
499,"CC-12610"
117,"VG-21790"
26,"CV-12805"
159,"RH-19510"
239,"KB-16315"
454,"SM-20950"
414,"RP-19855"
477,"SC-20725"
121,"RP-19390"
498,"SO-20335"
86,"NR-18550"
169,"BM-11785"
205,"LM-17065"
460,"MO-17500"
454,"DV-13465"
522,"JE-15610"
152,"AJ-10945"
37,"DP-13105"
501,"DK-13225"
121,"JP-15520"
278,"AJ-10795"
323,"VB-21745"
501,"MW-18220"
160,"KN-16705"
47,"FM-14215"
373,"CT-11995"
485,"AM-10360"
494,"LC-16885"
476,"CH-12070"
117,"CC-12475"
378,"JF-15295"
244,"AH-10120"
414,"SJ-20125"
275,"DW-13540"
342,"SV-20935"
160,"JE-15715"
414,"TP-21415"
117,"DV-13045"
276,"IM-15070"
342,"KE-16420"
117,"TN-21040"
356,"SF-20965"
95,"NF-18385"
37,"HK-14890"
355,"KN-16450"
209,"LW-16825"
454,"NS-18640"
501,"SK-19990"
501,"AB-10105"
324,"DM-12955"
177,"AD-10180"
372,"MG-17695"
178,"TC-20980"
258,"AW-10930"
333,"MS-17830"
160,"SH-19975"
6,"DW-13195"
382,"DM-12955"
151,"GB-14530"
209,"EB-13870"
41,"NS-18640"
484,"MP-18175"
223,"LC-16960"
269,"PS-18970"
74,"CM-12160"
513,"PS-19045"
141,"BF-11020"
318,"TP-21130"
454,"LC-17140"
323,"KL-16555"
335,"CM-12715"
454,"EM-13810"
122,"RP-19855"
373,"LS-16945"
270,"BD-11500"
169,"RH-19495"
74,"CL-11890"
454,"MC-17575"
53,"JP-15460"
125,"VM-21835"
501,"MC-18100"
74,"PV-18985"
117,"MH-17785"
159,"LS-16945"
74,"BK-11260"
190,"AW-10930"
513,"LH-16750"
373,"JM-15535"
74,"YC-21895"
454,"JO-15280"
382,"SV-20935"
477,"JS-15940"
74,"HH-15010"
160,"GM-14680"
267,"BT-11530"
275,"CS-11950"
155,"MO-17500"
267,"AM-10360"
305,"LR-16915"
476,"SR-20425"
356,"LC-16885"
521,"AF-10885"
165,"DK-13225"
151,"TM-21010"
481,"JE-15745"
456,"DL-12925"
479,"LM-17065"
321,"EP-13915"
373,"AB-10060"
117,"JK-15370"
433,"MB-17305"
321,"LS-17230"
323,"JC-15775"
501,"JD-16150"
414,"BW-11110"
342,"BF-11170"
152,"KB-16600"
178,"CK-12760"
434,"BP-11050"
373,"CB-12025"
501,"MS-17365"
284,"BG-11035"
431,"SH-20395"
6,"CY-12745"
211,"DV-13465"
501,"PW-19030"
243,"PW-19030"
92,"CS-12505"
519,"FH-14365"
209,"EM-14095"
92,"SF-20065"
74,"CM-11815"
485,"PN-18775"
199,"MM-17260"
284,"AR-10825"
275,"JL-15130"
160,"NP-18700"
414,"GM-14455"
74,"LC-17140"
74,"SN-20560"
501,"MV-18190"
506,"LH-17155"
414,"LS-17245"
74,"EH-14005"
176,"SW-20455"
122,"MC-17275"
335,"MH-18115"
258,"NG-18430"
311,"JK-16120"
454,"SB-20185"
454,"MC-17635"
141,"MV-17485"
160,"BV-11245"
433,"JK-15730"
74,"LC-16885"
401,"LF-17185"
155,"MH-18025"
414,"BD-11770"
160,"FH-14350"
136,"PB-19210"
246,"CL-12700"
321,"SV-20365"
528,"DJ-13510"
304,"CA-12775"
501,"JK-15640"
12,"BB-11545"
161,"DM-13345"
161,"LC-16870"
160,"TB-21400"
342,"RW-19630"
53,"CK-12205"
488,"DB-13360"
32,"SZ-20035"
267,"CC-12100"
442,"FH-14275"
414,"AG-10525"
160,"FM-14215"
160,"SC-20680"
384,"EM-13960"
414,"KM-16375"
172,"JL-15175"
414,"RA-19915"
412,"BP-11155"
12,"HP-14815"
324,"GH-14410"
414,"TT-21220"
506,"RE-19450"
401,"CB-12535"
454,"LH-17155"
487,"LS-17245"
415,"VW-21775"
117,"DK-13375"
160,"CL-12565"
373,"MD-17350"
380,"SS-20140"
185,"KS-16300"
462,"SE-20110"
454,"DE-13255"
414,"VT-21700"
84,"VG-21790"
501,"LF-17185"
160,"SW-20455"
156,"DO-13435"
531,"BF-11275"
163,"KD-16615"
414,"JH-15910"
74,"FH-14275"
454,"MC-18130"
246,"GB-14530"
421,"GT-14755"
501,"GG-14650"
454,"KT-16465"
501,"GM-14680"
342,"KN-16450"
211,"DL-12925"
447,"ND-18460"
454,"VG-21790"
501,"MY-17380"
513,"AG-10330"
454,"BP-11230"
267,"LC-17140"
373,"AS-10240"
47,"DH-13075"
454,"LC-17050"
494,"BP-11230"
49,"DK-13090"
43,"RW-19540"
124,"SB-20185"
272,"AF-10870"
12,"HG-15025"
485,"JK-16090"
117,"AH-10690"
160,"SC-20230"
449,"TS-21205"
148,"MH-18025"
74,"PA-19060"
531,"SS-20875"
155,"DL-13315"
155,"SP-20860"
169,"CT-11995"
507,"BF-10975"
67,"MP-17965"
84,"GH-14425"
65,"PC-18745"
58,"SC-20800"
98,"JG-15160"
338,"LA-16780"
454,"FP-14320"
438,"JD-15895"
155,"LW-17215"
385,"JH-15985"
275,"JK-15625"
455,"MC-18100"
159,"BE-11455"
385,"AS-10240"
359,"JB-15400"
160,"BS-11365"
19,"VM-21835"
108,"SG-20470"
74,"LH-17155"
373,"AG-10900"
455,"SV-20785"
501,"AS-10045"
141,"AS-10045"
485,"JO-15550"
454,"AP-10915"
392,"AB-10255"
251,"SV-20785"
414,"TS-21655"
296,"CS-12355"
401,"HL-15040"
373,"PB-19210"
108,"JE-15745"
454,"YS-21880"
84,"SL-20155"
62,"SP-20650"
276,"NB-18655"
373,"RL-19615"
373,"PK-18910"
522,"JG-15160"
188,"BM-11650"
74,"EB-13750"
529,"GK-14620"
39,"KH-16330"
373,"MC-17605"
141,"RO-19780"
501,"JK-16120"
414,"ON-18715"
84,"AG-10675"
501,"CR-12730"
459,"AG-10900"
454,"SB-20170"
121,"SS-20590"
74,"VG-21790"
241,"GM-14500"
414,"SB-20290"
190,"AA-10315"
373,"EM-13960"
74,"AS-10045"
155,"AG-10765"
74,"SS-20590"
373,"JS-15685"
331,"JW-15220"
74,"EH-13765"
161,"CV-12295"
70,"RS-19765"
299,"SG-20080"
74,"KB-16585"
275,"LH-17155"
245,"JM-15865"
178,"JG-15160"
160,"CS-11950"
506,"PF-19165"
45,"MY-18295"
414,"KM-16720"
190,"AC-10450"
447,"TT-21070"
335,"EJ-13720"
284,"KW-16435"
445,"GG-14650"
84,"NC-18415"
74,"TC-21535"
454,"JD-15895"
501,"HP-14815"
160,"SW-20275"
240,"LB-16795"
74,"AW-10930"
47,"MC-17635"
177,"EM-14140"
211,"HG-15025"
342,"RA-19945"
501,"CD-12280"
239,"MB-17305"
323,"BB-10990"
481,"AB-10165"
234,"JE-15745"
155,"CS-12250"
501,"KW-16435"
18,"GT-14710"
304,"PB-19105"
501,"JL-15850"
160,"TP-21415"
454,"JE-15610"
433,"MM-18280"
263,"DL-13315"
77,"TT-21220"
373,"MG-17650"
71,"CS-12250"
401,"JM-16195"
488,"KH-16690"
155,"TA-21385"
373,"CS-12400"
84,"CK-12760"
501,"EH-13765"
169,"TP-21130"
476,"BW-11110"
29,"BM-11785"
6,"MP-18175"
433,"LH-16900"
489,"AA-10645"
74,"PO-19195"
414,"CA-12055"
289,"AB-10060"
249,"CM-12160"
501,"SE-20110"
47,"PA-19060"
501,"JF-15565"
155,"GH-14410"
434,"SC-20575"
523,"JF-15295"
398,"TC-21295"
461,"TB-21625"
414,"MH-17620"
74,"NC-18535"
117,"BD-11320"
74,"DB-13615"
117,"DJ-13510"
117,"JP-16135"
211,"SV-20935"
117,"IM-15070"
433,"MM-17260"
117,"AJ-10960"
489,"KB-16585"
501,"DW-13540"
27,"SS-20410"
433,"JR-16210"
501,"RB-19465"
454,"GZ-14545"
507,"NH-18610"
117,"BW-11110"
67,"DB-13660"
42,"MP-17470"
454,"AR-10405"
352,"CA-12265"
454,"ME-17320"
58,"NF-18385"
486,"DW-13585"
414,"LS-16975"
356,"GR-14560"
454,"TB-21625"
155,"AH-10585"
454,"CB-12415"
471,"GA-14725"
225,"SA-20830"
501,"AH-10465"
323,"DM-13015"
284,"DB-13270"
373,"WB-21850"
51,"PS-19045"
373,"MB-18085"
414,"PW-19240"
86,"GH-14410"
185,"CH-12070"
486,"Dp-13240"
342,"SR-20740"
454,"KM-16660"
493,"LH-16900"
494,"GM-14440"
501,"DB-13270"
501,"KE-16420"
71,"PK-19075"
102,"AJ-10780"
84,"AS-10045"
454,"JC-15340"
488,"JD-15895"
414,"MC-17605"
426,"MC-17275"
454,"PW-19030"
225,"GD-14590"
501,"EM-14095"
414,"KL-16645"
426,"MC-17845"
414,"SL-20155"
526,"RD-19900"
42,"CC-12475"
454,"MC-17845"
169,"SH-20395"
521,"TH-21100"
438,"JD-15790"
138,"EH-14185"
8,"MZ-17515"
51,"DH-13675"
155,"RF-19345"
160,"SC-20725"
160,"Co-12640"
381,"JH-16180"
501,"SP-20650"
160,"TW-21025"
342,"HG-14845"
373,"FG-14260"
117,"ML-17395"
141,"AG-10390"
100,"SM-20320"
74,"IM-15055"
122,"MH-18025"
357,"DW-13480"
454,"HF-14995"
279,"RW-19630"
531,"EB-13870"
62,"NS-18505"
501,"PS-18970"
117,"EJ-14155"
414,"MV-17485"
373,"RP-19390"
378,"RD-19585"
160,"TS-21430"
74,"NP-18685"
185,"VS-21820"
454,"CP-12340"
160,"MZ-17515"
9,"JM-15655"
175,"RA-19285"
212,"CP-12085"
141,"SH-20395"
404,"AJ-10795"
60,"NC-18535"
442,"EH-14125"
501,"CS-12460"
74,"BD-11320"
377,"BO-11350"
501,"LC-16885"
118,"CM-11815"
452,"MC-17590"
178,"DL-12865"
31,"JH-15910"
155,"EG-13900"
160,"CM-12655"
501,"LM-17065"
211,"JP-15460"
209,"LC-16930"
454,"EM-14095"
409,"LF-17185"
486,"VM-21685"
160,"DP-13105"
454,"ML-17395"
74,"SZ-20035"
388,"BF-10975"
63,"HD-14785"
9,"CK-12760"
526,"VW-21775"
373,"RA-19285"
425,"JS-16030"
185,"FA-14230"
75,"EB-13870"
433,"DO-13435"
501,"EB-14110"
139,"AT-10735"
74,"AS-10630"
276,"HE-14800"
155,"XP-21865"
251,"KM-16225"
238,"RD-19660"
388,"TB-21190"
454,"AG-10900"
454,"KD-16495"
342,"TH-21235"
195,"DW-13195"
74,"KH-16690"
155,"MY-18295"
454,"JJ-15445"
155,"RD-19930"
481,"AF-10885"
155,"BN-11470"
155,"DR-12880"
75,"DK-12835"
75,"HK-14890"
156,"RD-19900"
160,"MG-17650"
531,"AH-10585"
433,"CK-12205"
414,"ND-18370"
475,"RP-19855"
423,"CC-12220"
522,"AH-10075"
199,"JL-15130"
155,"SA-20830"
443,"JK-15325"
342,"CK-12205"
454,"PS-18970"
335,"EA-14035"
488,"NM-18520"
403,"CS-12490"
156,"DJ-13630"
370,"BW-11110"
342,"NC-18535"
505,"EB-13705"
209,"TS-21610"
47,"CB-12025"
373,"FO-14305"
353,"SO-20335"
392,"RD-19900"
433,"SV-20935"
477,"CL-12565"
373,"MD-17860"
342,"JG-15805"
111,"AP-10915"
501,"TB-21400"
414,"JE-15745"
342,"AB-10150"
117,"HG-14965"
454,"TS-21430"
414,"HL-15040"
240,"CK-12205"
454,"DB-13660"
513,"DB-13615"
493,"JS-15940"
126,"MB-17305"
328,"MG-17890"
342,"MD-17350"
74,"DK-13225"
501,"BF-11020"
501,"MN-17935"
291,"SS-20140"
501,"HR-14770"
501,"BD-11620"
118,"RF-19840"
414,"HZ-14950"
200,"SP-20650"
435,"KF-16285"
454,"AH-10075"
206,"ND-18370"
47,"SC-20695"
401,"TH-21115"
433,"RB-19435"
454,"KD-16270"
338,"MN-17935"
501,"QJ-19255"
126,"JB-16000"
53,"CC-12430"
47,"JO-15145"
135,"SH-19975"
155,"MM-17920"
373,"RD-19900"
6,"MM-17920"
454,"AZ-10750"
267,"CA-12055"
75,"SJ-20125"
138,"CR-12820"
501,"DL-13495"
501,"CM-12655"
276,"JB-15400"
391,"TN-21040"
454,"FH-14275"
216,"CK-12205"
187,"CB-12025"
454,"TB-21250"
85,"ER-13855"
53,"AB-10165"
160,"SE-20110"
414,"EB-14170"
414,"MC-18100"
342,"RD-19930"
362,"LW-17215"
117,"RD-19480"
117,"LR-16915"
160,"KC-16675"
414,"KH-16510"
198,"RM-19375"
373,"NK-18490"
414,"DP-13000"
293,"PJ-19015"
148,"LP-17095"
141,"CB-12025"
414,"TT-21460"
160,"CC-12220"
275,"NG-18355"
388,"DB-13555"
108,"MS-17365"
99,"JF-15415"
360,"MS-17530"
356,"AJ-10945"
433,"TC-21535"
219,"AA-10315"
14,"GZ-14470"
209,"CM-11815"
117,"MK-17905"
137,"JS-15685"
15,"MV-18190"
501,"FG-14260"
155,"MG-17695"
117,"DS-13180"
75,"DK-12895"
209,"NP-18670"
501,"KH-16330"
178,"DV-13465"
160,"GT-14710"
373,"FH-14365"
160,"PO-19180"
305,"MY-18295"
84,"SA-20830"
49,"DP-13000"
501,"BT-11530"
84,"SH-20395"
178,"KM-16720"
84,"CS-11860"
160,"SO-20335"
160,"JF-15295"
84,"PM-19135"
414,"KH-16630"
501,"DM-13015"
209,"NC-18535"
481,"DW-13480"
461,"SS-20590"
275,"TB-21520"
501,"CS-11860"
337,"MO-17500"
8,"SG-20080"
173,"DM-13015"
53,"DE-13255"
158,"MG-17875"
104,"JH-15820"
454,"PS-19045"
476,"MS-17710"
454,"MH-17290"
288,"SD-20485"
285,"JK-15625"
454,"AJ-10945"
373,"JL-15835"
139,"KE-16420"
401,"PK-19075"
145,"BG-11035"
155,"MO-17800"
525,"AH-10120"
251,"CM-12160"
454,"CW-11905"
414,"DM-13015"
53,"TZ-21580"
161,"BM-11140"
342,"BM-11650"
30,"GH-14425"
267,"TS-21505"
163,"SM-20005"
188,"SU-20665"
339,"MC-17635"
269,"AP-10915"
68,"LA-16780"
117,"BG-11740"
375,"RA-19885"
446,"KM-16720"
439,"TC-21475"
253,"SP-20920"
117,"TC-21295"
74,"VP-21760"
334,"TB-21250"
74,"BS-11380"
109,"MZ-17515"
414,"BM-11785"
388,"RL-19615"
117,"KA-16525"
215,"SF-20065"
141,"JK-15205"
145,"SM-20320"
229,"AG-10675"
373,"HR-14830"
348,"ML-18040"
316,"TB-21520"
154,"DB-13120"
122,"SW-20455"
160,"DB-13060"
432,"TD-20995"
323,"KE-16420"
159,"ES-14080"
308,"SF-20200"
359,"SC-20260"
249,"JB-16000"
6,"CC-12610"
444,"BH-11710"
433,"JF-15490"
414,"TS-21340"
501,"JG-15160"
198,"CB-12535"
32,"AM-10360"
414,"MS-17980"
454,"ED-13885"
488,"RP-19270"
84,"MH-17455"
178,"CW-11905"
362,"KN-16705"
117,"DB-13270"
454,"GM-14440"
454,"KF-16285"
244,"DP-13390"
471,"JM-15655"
117,"MS-17530"
454,"LR-16915"
314,"KW-16570"
178,"JK-15370"
414,"GH-14410"
401,"LE-16810"
225,"CL-11890"
373,"HG-14965"
155,"NM-18520"
386,"CS-12130"
275,"TM-21010"
160,"KA-16525"
395,"HG-14965"
461,"CD-11920"
155,"BP-11050"
501,"AA-10315"
169,"JF-15355"
187,"RA-19885"
81,"ON-18715"
155,"EP-13915"
369,"TM-21490"
243,"DB-13120"
74,"EB-13930"
476,"CA-12775"
501,"PO-18865"
432,"VG-21805"
276,"SH-19975"
506,"CV-12805"
354,"DL-13495"
145,"GB-14530"
433,"RC-19960"
414,"AH-10120"
342,"SS-20875"
522,"SG-20470"
373,"GA-14725"
501,"EM-13810"
83,"NC-18415"
373,"IM-15070"
53,"FC-14245"
455,"TB-21250"
31,"DL-12865"
501,"SJ-20125"
501,"JK-15370"
273,"PO-19195"
373,"CH-12070"
513,"RH-19555"
85,"CL-12700"
141,"KM-16375"
310,"BE-11410"
501,"AH-10210"
528,"CK-12595"
370,"BP-11230"
43,"AA-10375"
310,"JK-15730"
6,"RF-19840"
160,"BD-11320"
155,"MC-17575"
277,"AC-10450"
371,"GM-14500"
75,"GM-14455"
251,"MS-17830"
9,"GH-14410"
74,"TT-21220"
501,"PO-19180"
143,"IM-15055"
105,"BH-11710"
476,"SW-20350"
117,"JD-16150"
514,"RW-19630"
118,"LW-16825"
382,"RC-19825"
160,"JW-15955"
454,"DO-13645"
74,"BD-11500"
306,"DL-12925"
159,"AA-10375"
433,"JK-15625"
211,"JE-15745"
521,"NZ-18565"
501,"PF-19120"
388,"HA-14920"
501,"SC-20380"
160,"AG-10495"
69,"MJ-17740"
307,"LB-16735"
468,"SM-20950"
121,"PK-19075"
354,"PC-19000"
197,"VM-21685"
373,"MG-17695"
502,"EM-14140"
363,"TS-21160"
160,"MM-18055"
454,"AR-10510"
501,"DK-12835"
251,"LS-16975"
254,"SE-20110"
414,"AG-10495"
6,"SW-20245"
408,"TC-21475"
479,"CB-12535"
432,"LW-17125"
120,"PJ-18835"
501,"DL-13330"
342,"AS-10285"
501,"TS-21610"
85,"KL-16555"
384,"NG-18430"
327,"MT-17815"
365,"VW-21775"
501,"LO-17170"
414,"ST-20530"
71,"EL-13735"
74,"SP-20920"
74,"LW-16990"
314,"RO-19780"
84,"CJ-12010"
373,"JD-15895"
501,"JM-15535"
169,"VB-21745"
160,"VM-21685"
488,"JC-15340"
35,"BM-11650"
501,"KB-16405"
244,"CK-12760"
94,"GZ-14470"
342,"PG-18820"
232,"BF-11215"
136,"JH-15910"
414,"SC-20800"
338,"DV-13045"
501,"AI-10855"
501,"DJ-13630"
74,"CS-12175"
414,"DO-13645"
481,"JK-16090"
373,"GD-14590"
226,"SS-20140"
454,"AB-10165"
372,"MH-18025"
115,"CC-12685"
342,"GK-14620"
151,"RB-19360"
494,"MP-17965"
483,"EP-13915"
301,"MB-18085"
71,"VD-21670"
373,"SF-20965"
222,"KM-16225"
80,"RD-19585"
6,"SC-20695"
501,"GT-14710"
373,"CC-12475"
525,"CT-11995"
74,"ML-17395"
48,"SE-20110"
501,"NB-18655"
117,"KC-16540"
6,"JP-16135"
501,"CC-12370"
117,"EJ-13720"
47,"RD-19480"
141,"GB-14575"
75,"DP-13390"
501,"KM-16225"
99,"BB-11545"
300,"PP-18955"
136,"PS-18970"
342,"NS-18505"
74,"DK-12835"
278,"CT-11995"
6,"NZ-18565"
276,"TS-21655"
244,"KL-16555"
191,"JE-15745"
516,"SC-20680"
279,"KM-16225"
501,"CP-12340"
373,"MR-17545"
414,"AR-10345"
414,"SJ-20500"
36,"LE-16810"
169,"JD-16060"
494,"EH-14125"
501,"CB-12415"
74,"VF-21715"
501,"DP-13105"
50,"BS-11590"
160,"PB-19150"
155,"JM-15265"
373,"CM-12190"
160,"SZ-20035"
181,"DC-13285"
74,"AS-10285"
501,"DK-13150"
117,"AG-10900"
155,"HG-14965"
155,"BB-11545"
421,"DF-13135"
2,"CM-12160"
223,"DB-13120"
74,"RO-19780"
160,"PS-18970"
75,"HA-14905"
367,"NP-18685"
6,"KM-16225"
356,"BD-11620"
251,"BF-11080"
501,"FH-14365"
454,"AY-10555"
74,"JL-15835"
373,"MM-17920"
155,"NP-18700"
71,"PN-18775"
74,"NM-18445"
509,"CR-12580"
335,"AC-10660"
75,"SS-20515"
501,"KM-16720"
178,"RD-19480"
441,"RB-19360"
501,"SG-20605"
117,"RD-19900"
501,"FP-14320"
74,"DB-13210"
350,"TS-21655"
347,"LB-16795"
47,"EB-13840"
521,"VP-21760"
203,"TS-21160"
313,"MS-17365"
335,"VS-21820"
6,"BD-11560"
368,"DB-12910"
501,"NM-18445"
228,"KE-16420"
244,"FG-14260"
513,"Dp-13240"
160,"JE-15475"
223,"EP-13915"
69,"EB-13870"
143,"JM-15865"
74,"AF-10870"
290,"AM-10705"
454,"AT-10435"
501,"Dl-13600"
155,"DK-13225"
312,"BM-11575"
414,"AB-10105"
251,"JF-15355"
47,"RD-19810"
74,"LP-17080"
344,"BH-11710"
501,"EN-13780"
373,"TS-21160"
74,"DM-13345"
232,"ST-20530"
342,"AH-10210"
342,"AZ-10750"
409,"DR-12880"
414,"DM-13525"
373,"SS-20410"
432,"HP-14815"
384,"TB-21055"
373,"NB-18580"
521,"ML-17755"
155,"EB-13840"
269,"RD-19585"
433,"DW-13585"
521,"RR-19525"
74,"DL-13495"
373,"JD-16150"
394,"RW-19540"
529,"FM-14215"
476,"HK-14890"
431,"JA-15970"
342,"MN-17935"
185,"JW-15955"
380,"NH-18610"
395,"EJ-14155"
160,"AS-10630"
501,"MH-17440"
18,"TB-21280"
74,"NB-18655"
454,"TZ-21580"
127,"AF-10870"
74,"BT-11395"
155,"SJ-20125"
117,"BO-11350"
433,"MP-17470"
373,"AS-10285"
142,"BG-11695"
454,"DP-13105"
501,"AS-10135"
75,"KT-16480"
483,"BM-11785"
310,"JH-15985"
117,"BT-11530"
79,"SV-20935"
244,"BF-11020"
148,"AS-10630"
160,"AT-10735"
414,"JL-15850"
373,"PL-18925"
199,"SD-20485"
501,"MP-18175"
476,"DB-13210"
151,"RE-19450"
155,"KH-16360"
85,"JR-15670"
454,"TH-21235"
447,"KD-16495"
454,"RS-19420"
249,"VP-21760"
414,"LF-17185"
74,"MM-18055"
454,"BP-11050"
71,"CS-12175"
207,"PB-19150"
454,"JB-15925"
499,"AT-10735"
223,"PR-18880"
501,"CL-12565"
75,"FH-14275"
454,"BO-11350"
75,"MK-17905"
414,"KC-16540"
501,"MT-17815"
161,"TG-21310"
142,"VM-21685"
361,"TS-21505"
507,"EH-13990"
454,"JM-15865"
454,"KB-16240"
501,"HA-14905"
6,"TB-21595"
4,"EH-13990"
84,"EM-14065"
47,"TT-21460"
267,"SW-20350"
84,"BP-11095"
501,"NC-18340"
442,"JF-15565"
501,"BF-10975"
353,"DP-13000"
169,"JC-16105"
160,"CS-12355"
275,"BE-11335"
158,"SC-20380"
62,"SE-20110"
454,"SR-20740"
335,"CW-11905"
513,"CK-12595"
530,"HR-14830"
454,"FA-14230"
69,"SV-20815"
74,"RD-19480"
160,"EH-13765"
74,"PK-18910"
117,"BP-11185"
160,"KH-16630"
414,"RB-19435"
53,"VG-21805"
477,"GP-14740"
122,"JG-15160"
342,"KM-16375"
218,"NM-18520"
160,"AB-10255"
476,"RB-19465"
378,"SC-20020"
501,"PF-19165"
244,"ZC-21910"
258,"CC-12145"
155,"CC-12670"
373,"JD-16015"
401,"HK-14890"
228,"NW-18400"
454,"CS-12250"
6,"PJ-18835"
321,"RF-19345"
394,"DB-13270"
213,"JB-16045"
169,"HL-15040"
296,"DR-12940"
118,"XP-21865"
347,"SV-20785"
6,"RW-19690"
178,"SP-20620"
186,"SD-20485"
454,"MA-17995"
372,"GT-14710"
301,"BB-11545"
169,"CM-12190"
78,"ZC-21910"
382,"SK-19990"
492,"FC-14245"
141,"DC-12850"
74,"DJ-13510"
501,"TS-21370"
494,"BC-11125"
74,"CM-12115"
225,"MA-17560"
155,"DR-12940"
454,"MC-18100"
327,"ME-18010"
256,"NC-18415"
501,"TB-21250"
433,"NS-18640"
401,"LC-16870"
169,"MS-17770"
342,"PA-19060"
52,"DB-13120"
501,"CV-12295"
71,"PO-18865"
373,"MG-18145"
160,"TB-21250"
501,"DP-13000"
322,"TP-21130"
79,"SC-20725"
444,"JF-15190"
334,"GK-14620"
259,"AP-10915"
342,"SF-20065"
454,"TT-21265"
62,"JE-15745"
384,"CP-12085"
276,"MY-18295"
47,"RP-19855"
160,"CS-12400"
127,"LR-16915"
454,"RL-19615"
276,"BW-11110"
84,"JR-16210"
232,"DR-12940"
500,"AH-10195"
525,"HP-14815"
178,"SJ-20125"
435,"CT-11995"
501,"TB-21280"
477,"MD-17350"
39,"LB-16795"
160,"RP-19270"
529,"KL-16555"
454,"FH-14365"
501,"DB-12970"
454,"TS-21370"
373,"SD-20485"
276,"JD-16150"
388,"CM-11935"
487,"MC-17590"
332,"GH-14410"
373,"TB-21520"
459,"NG-18355"
160,"Dp-13240"
304,"BV-11245"
7,"BT-11305"
373,"RB-19465"
454,"KH-16690"
340,"WB-21850"
342,"AH-10690"
414,"JL-15130"
377,"RB-19435"
501,"IM-15070"
373,"JH-16180"
335,"HM-14860"
371,"SA-20830"
373,"ST-20530"
71,"SJ-20215"
505,"PO-18850"
74,"JK-15370"
6,"JJ-15760"
501,"LC-16930"
62,"KM-16660"
74,"NS-18640"
160,"RB-19360"
481,"PO-19180"
501,"LH-16900"
275,"MH-17440"
414,"MC-17425"
160,"NZ-18565"
207,"AC-10450"
350,"AA-10375"
432,"DA-13450"
365,"JW-15220"
501,"CD-11980"
155,"BK-11260"
158,"PS-18760"
6,"AS-10090"
155,"AF-10870"
17,"EM-14140"
257,"MH-17440"
155,"LE-16810"
454,"GA-14725"
373,"MO-17800"
433,"SV-20365"
160,"HM-14860"
454,"CG-12040"
241,"FM-14290"
501,"MR-17545"
438,"TR-21325"
454,"CS-12505"
234,"SG-20890"
74,"GR-14560"
156,"DB-13270"
454,"GG-14650"
155,"LD-16855"
373,"SC-20770"
144,"FM-14290"
243,"ME-18010"
401,"JE-15745"
508,"RB-19465"
74,"MB-17305"
451,"BE-11455"
365,"RL-19615"
211,"DB-13660"
275,"AR-10540"
117,"LT-17110"
122,"AC-10450"
77,"JB-16045"
148,"GM-14440"
322,"CB-12025"
105,"KB-16585"
414,"JL-15505"
310,"AB-10060"
454,"EA-14035"
501,"RH-19495"
160,"EB-13840"
501,"CC-12670"
55,"TB-21355"
160,"RP-19855"
454,"JH-15910"
178,"AB-10150"
106,"JB-16000"
506,"CY-12745"
74,"AA-10315"
454,"PG-18895"
442,"MK-18160"
84,"EP-13915"
321,"SP-20860"
373,"EH-13765"
149,"TP-21565"
499,"TR-21325"
74,"DS-13030"
454,"NG-18430"
501,"BF-11215"
155,"MS-17365"
160,"TC-21475"
156,"RB-19705"
9,"FO-14305"
454,"CM-12115"
414,"RM-19375"
388,"JE-15745"
272,"MM-17920"
251,"LA-16780"
323,"CA-12310"
74,"DP-13390"
333,"HA-14920"
454,"JL-15235"
414,"RA-19285"
499,"AH-10210"
513,"RB-19795"
155,"HA-14920"
151,"KN-16705"
249,"MP-17470"
67,"JR-15670"
280,"NZ-18565"
54,"PG-18820"
501,"JL-15835"
243,"JK-15205"
117,"JE-15475"
168,"NM-18520"
414,"FH-14275"
346,"LH-17020"
26,"MC-17575"
454,"RB-19645"
101,"SC-20050"
501,"MB-17305"
454,"SM-20320"
209,"RF-19345"
90,"DB-13060"
84,"MO-17950"
71,"BM-11650"
74,"MS-17770"
318,"PO-19195"
117,"RB-19435"
501,"NF-18595"
454,"AH-10030"
131,"SZ-20035"
