"postalcodeid","customerid"
289,"TP-21415"
86,"JS-15940"
495,"EC-14050"
444,"AC-10450"
368,"DW-13585"
629,"TS-21205"
463,"MW-18220"
31,"VP-21730"
27,"FG-14260"
118,"RF-19345"
145,"AP-10915"
60,"JE-15715"
49,"RF-19735"
267,"EG-13900"
337,"NM-18520"
539,"NW-18400"
12,"MG-18145"
314,"NC-18415"
256,"RB-19435"
450,"LC-17050"
332,"SC-20095"
145,"AB-10255"
227,"CL-12565"
618,"RD-19900"
325,"LC-16930"
503,"CP-12085"
123,"FM-14215"
606,"BM-11650"
512,"MS-17365"
452,"MS-17830"
367,"SW-20350"
547,"DC-12850"
515,"JM-16195"
55,"HM-14860"
450,"PW-19030"
258,"AA-10375"
103,"YS-21880"
437,"JW-15220"
392,"VW-21775"
209,"LS-17200"
209,"JD-16150"
396,"MW-18220"
305,"DR-12940"
290,"VD-21670"
444,"NK-18490"
264,"HA-14905"
461,"SG-20470"
31,"CC-12685"
444,"HW-14935"
209,"JB-15400"
580,"JR-16210"
31,"WB-21850"
289,"MG-17650"
145,"HF-14995"
31,"KN-16390"
585,"RB-19435"
412,"AR-10405"
441,"CC-12685"
532,"IL-15100"
332,"BT-11305"
209,"BW-11110"
532,"KL-16645"
27,"GR-14560"
30,"SW-20455"
625,"CK-12205"
211,"CC-12430"
479,"SF-20965"
380,"PS-18970"
229,"SV-20935"
232,"JE-15715"
322,"DK-12985"
552,"MH-17455"
20,"NB-18580"
560,"RD-19720"
170,"LF-17185"
28,"SN-20710"
354,"RP-19855"
259,"PG-18820"
293,"FH-14350"
412,"SC-20800"
93,"RB-19645"
22,"SW-20245"
574,"GT-14755"
138,"PB-19210"
297,"KC-16540"
347,"LR-17035"
591,"CJ-12010"
60,"SC-20440"
35,"CB-12535"
380,"JL-15235"
582,"BW-11200"
112,"SZ-20035"
359,"Co-12640"
471,"CC-12370"
228,"TT-21460"
629,"NM-18520"
532,"LH-17020"
600,"AB-10105"
258,"KD-16345"
350,"TS-21505"
60,"JH-15820"
229,"DB-13120"
73,"BM-11785"
209,"TB-21595"
72,"GZ-14470"
370,"QJ-19255"
540,"BS-11380"
229,"LS-16975"
595,"DJ-13510"
490,"RH-19510"
532,"BC-11125"
490,"CV-12805"
38,"LS-17245"
27,"KH-16510"
285,"AH-10075"
289,"CK-12205"
170,"JF-15565"
230,"PW-19240"
405,"SJ-20125"
419,"SF-20065"
183,"ML-17755"
18,"SJ-20215"
575,"SU-20665"
224,"BP-11050"
534,"PO-18865"
452,"MS-17770"
287,"MG-17650"
622,"PG-18820"
75,"JS-15595"
426,"JM-16195"
297,"AJ-10795"
176,"MD-17350"
125,"PM-18940"
508,"JP-16135"
315,"DK-13090"
60,"SM-20950"
457,"AJ-10945"
297,"JE-15715"
336,"KB-16585"
427,"VD-21670"
621,"RA-19885"
182,"CC-12220"
129,"XP-21865"
178,"PB-19105"
51,"AJ-10780"
359,"EA-14035"
561,"CS-12355"
412,"CA-11965"
412,"BF-11170"
532,"BD-11725"
613,"SH-20395"
412,"BT-11395"
626,"DR-12940"
508,"JF-15565"
495,"AP-10915"
74,"BW-11110"
178,"SB-20185"
471,"CJ-12010"
220,"AS-10090"
258,"TT-21220"
142,"AJ-10780"
474,"TG-21640"
221,"SC-20380"
412,"MS-17830"
318,"CR-12580"
90,"AG-10675"
75,"AT-10735"
330,"EP-13915"
418,"RP-19390"
75,"SC-20575"
170,"CC-12220"
420,"GB-14575"
508,"AG-10270"
297,"CS-12355"
409,"MO-17500"
111,"GA-14725"
545,"SR-20740"
27,"CM-12385"
354,"PB-19105"
259,"ME-17725"
444,"KH-16630"
63,"TW-21025"
349,"TC-20980"
582,"JK-15325"
204,"LM-17065"
224,"MC-17425"
532,"JK-15205"
297,"SW-20755"
354,"ON-18715"
31,"DR-12880"
592,"MH-18115"
495,"RA-19885"
438,"SG-20890"
106,"SS-20140"
540,"BW-11200"
482,"BP-11290"
338,"SA-20830"
31,"JK-15640"
218,"EM-13960"
74,"BO-11350"
194,"JK-15325"
297,"SC-20380"
542,"ON-18715"
31,"AG-10525"
532,"BT-11680"
95,"KH-16690"
564,"TB-21355"
412,"BP-11290"
256,"CK-12205"
627,"GZ-14470"
446,"ZC-21910"
501,"AM-10360"
413,"DL-13315"
71,"AR-10825"
38,"DO-13645"
38,"EM-13825"
461,"SB-20290"
436,"VM-21835"
450,"RD-19810"
326,"AH-10690"
575,"BK-11260"
229,"AH-10465"
158,"PF-19165"
508,"EH-13945"
418,"DC-12850"
49,"BS-11365"
144,"MM-18055"
444,"GH-14425"
355,"EJ-14155"
238,"PO-19180"
258,"TC-21295"
258,"LF-17185"
262,"ES-14080"
463,"EB-13870"
224,"MC-17575"
297,"NZ-18565"
75,"JF-15490"
444,"SO-20335"
27,"RR-19315"
517,"VB-21745"
490,"JM-15580"
300,"GM-14680"
209,"HL-15040"
128,"JK-15205"
354,"AH-10690"
229,"MD-17350"
412,"AH-10075"
629,"JD-15895"
471,"GT-14710"
335,"NW-18400"
300,"NS-18505"
247,"EH-14185"
361,"TP-21130"
27,"NL-18310"
618,"ZD-21925"
209,"CM-12235"
38,"MY-18295"
2,"NF-18475"
145,"EJ-13720"
60,"SJ-20125"
248,"JS-15685"
530,"MS-17365"
486,"TB-21055"
270,"JW-15955"
221,"MC-18100"
220,"KA-16525"
582,"PF-19225"
580,"KH-16690"
629,"RP-19270"
390,"BF-11170"
541,"AG-10495"
256,"AR-10510"
60,"RP-19390"
420,"RD-19660"
471,"NZ-18565"
27,"JP-15520"
435,"CY-12745"
618,"TT-21220"
206,"TT-21220"
5,"MC-17605"
508,"MA-17560"
163,"CK-12205"
560,"KH-16330"
547,"MY-17380"
201,"CA-11965"
354,"SL-20155"
420,"KT-16480"
300,"SC-20305"
508,"JK-15625"
270,"SW-20455"
47,"DL-13315"
437,"DO-13645"
125,"LH-17155"
591,"GH-14425"
46,"CC-12220"
282,"GR-14560"
178,"BP-11290"
405,"CS-12355"
600,"TT-21265"
504,"AT-10435"
450,"DH-13075"
75,"RA-19915"
169,"DB-13555"
5,"CV-12295"
230,"BP-11095"
550,"CA-12265"
29,"SS-20140"
169,"TC-21475"
368,"Dp-13240"
418,"DP-13000"
256,"PK-19075"
123,"EB-13975"
490,"JL-15835"
560,"AZ-10750"
60,"DF-13135"
524,"TB-21520"
354,"SC-20020"
618,"NP-18685"
239,"LH-16900"
599,"PB-18805"
31,"DB-13405"
38,"EP-13915"
108,"JM-15865"
40,"CA-11965"
228,"JL-15835"
173,"MS-17770"
338,"CL-11890"
256,"CR-12730"
145,"JB-15400"
31,"BS-11800"
452,"BM-11785"
258,"PO-19180"
297,"EH-13765"
278,"CK-12760"
547,"RO-19780"
359,"PK-18910"
60,"EH-13765"
582,"JM-15250"
442,"TB-21400"
508,"NW-18400"
357,"CV-12295"
606,"ZC-21910"
218,"SV-20785"
258,"GG-14650"
265,"TG-21310"
289,"SC-20770"
396,"NF-18595"
37,"AG-10900"
297,"RS-19420"
428,"MH-18115"
168,"SC-20695"
556,"DP-13105"
508,"TT-21070"
420,"TB-21625"
176,"WB-21850"
515,"AB-10060"
380,"MM-18280"
297,"DB-13060"
31,"EB-13750"
582,"TH-21235"
224,"ML-17755"
541,"SD-20485"
412,"MC-17575"
75,"CB-12415"
591,"JR-16210"
442,"SS-20875"
60,"MP-17470"
107,"PG-18820"
410,"BB-11545"
111,"SL-20155"
157,"PG-18820"
586,"MC-18100"
560,"LC-16960"
210,"MB-17305"
380,"ES-14020"
416,"BH-11710"
617,"GT-14710"
223,"SD-20485"
145,"EP-13915"
463,"PL-18925"
78,"RW-19630"
141,"SH-19975"
127,"DL-12925"
270,"CC-12670"
471,"SC-20725"
295,"AR-10825"
474,"MV-17485"
500,"SS-20515"
444,"DB-13615"
224,"BF-11170"
493,"HM-14860"
573,"BK-11260"
406,"SG-20080"
532,"JL-15835"
60,"CL-12565"
107,"AS-10630"
532,"RB-19360"
292,"JE-15610"
272,"SS-20590"
142,"DK-13090"
394,"NG-18355"
256,"MM-17260"
351,"RF-19735"
27,"NZ-18565"
176,"AH-10210"
471,"VT-21700"
134,"JE-15745"
359,"FO-14305"
582,"LL-16840"
575,"JD-16015"
386,"KB-16585"
215,"DM-13525"
595,"ON-18715"
377,"JA-15970"
300,"CS-12400"
192,"JE-16165"
546,"CD-11920"
229,"LC-17050"
335,"JD-15895"
618,"DM-13345"
31,"PS-19045"
511,"JK-15625"
112,"JM-15265"
471,"BG-11740"
452,"JC-16105"
138,"AG-10330"
31,"BS-11365"
575,"AF-10870"
145,"ML-17410"
379,"BG-11035"
563,"KM-16225"
532,"DB-13120"
221,"BP-11095"
545,"AG-10390"
545,"GZ-14470"
289,"PG-18820"
416,"DM-13015"
140,"KM-16375"
444,"AG-10495"
258,"AS-10045"
322,"CG-12520"
561,"FO-14305"
170,"CA-12310"
396,"DA-13450"
613,"LM-17065"
243,"NW-18400"
101,"LC-16885"
138,"DN-13690"
583,"JB-16000"
202,"KM-16225"
617,"DW-13480"
74,"MH-17620"
542,"DL-12925"
347,"CC-12610"
174,"BF-11020"
60,"SV-20935"
111,"AA-10375"
394,"RC-19825"
354,"NC-18625"
420,"DL-13315"
508,"BD-11770"
60,"DM-13015"
618,"JW-16075"
293,"JE-15610"
526,"PA-19060"
501,"BM-11650"
560,"TT-21265"
256,"SF-20965"
495,"CR-12625"
615,"MS-17710"
60,"AB-10060"
359,"CC-12220"
134,"DR-12880"
93,"MC-17845"
618,"SS-20590"
532,"GM-14440"
490,"TZ-21580"
224,"BP-11185"
281,"EB-13930"
270,"JH-15985"
618,"GA-14515"
497,"EB-13750"
145,"MZ-17515"
99,"PO-18850"
463,"CJ-11875"
171,"BC-11125"
572,"BM-11785"
532,"MK-18160"
591,"SV-20785"
60,"CP-12340"
44,"AP-10720"
582,"FM-14215"
331,"LT-17110"
17,"LC-16870"
597,"KM-16375"
508,"JW-15955"
219,"AR-10825"
335,"VP-21730"
223,"NP-18670"
326,"OT-18730"
495,"MM-18280"
31,"VW-21775"
223,"TS-21370"
444,"EB-13840"
74,"NP-18325"
610,"MC-18100"
60,"DL-13330"
310,"RA-19945"
600,"VP-21760"
511,"SJ-20125"
420,"AB-10255"
79,"BM-11650"
359,"AC-10615"
463,"PW-19240"
577,"NS-18640"
532,"DH-13675"
532,"IM-15055"
82,"AH-10120"
545,"RO-19780"
29,"PW-19030"
31,"AB-10105"
209,"NB-18655"
5,"RW-19540"
355,"AH-10030"
354,"PO-19180"
224,"EA-14035"
591,"AJ-10795"
116,"BD-11500"
390,"TB-21280"
168,"BH-11710"
258,"AS-10135"
228,"EB-14170"
549,"NP-18685"
426,"SC-20440"
560,"RF-19735"
134,"LC-16870"
156,"SF-20200"
469,"DW-13585"
74,"KF-16285"
185,"SC-20680"
463,"CA-12775"
420,"CK-12595"
511,"AB-10255"
50,"SP-20620"
618,"CM-12115"
142,"ME-17320"
300,"SA-20830"
602,"FH-14350"
182,"JL-15505"
545,"JK-15205"
171,"JE-15475"
270,"KB-16585"
565,"AA-10375"
628,"TM-21010"
177,"VW-21775"
218,"MY-18295"
57,"BV-11245"
315,"AB-10150"
256,"BP-11290"
233,"RP-19390"
134,"GB-14530"
501,"AA-10375"
156,"Dp-13240"
560,"AR-10540"
420,"SF-20965"
359,"BP-11185"
113,"LC-16930"
533,"RD-19810"
463,"MR-17545"
444,"PS-18970"
258,"SR-20425"
463,"BS-11590"
296,"AM-10705"
614,"SC-20050"
197,"TN-21040"
600,"SV-20815"
223,"Dp-13240"
270,"RP-19390"
444,"RB-19570"
621,"SC-20770"
613,"DE-13255"
376,"AI-10855"
220,"RH-19510"
12,"SC-20020"
48,"JC-16105"
224,"TS-21370"
545,"CK-12760"
258,"BK-11260"
380,"CC-12145"
164,"CM-12160"
96,"TB-21520"
412,"MO-17800"
457,"DL-13330"
297,"MM-18055"
525,"MC-17275"
420,"MG-18145"
38,"MB-18085"
547,"MN-17935"
262,"JG-15310"
405,"TH-21235"
75,"JD-16015"
134,"KC-16540"
375,"MJ-17740"
289,"KH-16510"
233,"LC-16870"
560,"DW-13540"
27,"DP-13390"
420,"TS-21160"
471,"MC-17605"
497,"CA-11965"
582,"SB-20170"
519,"FA-14230"
380,"CL-12565"
230,"BG-11695"
443,"JE-15745"
331,"DG-13300"
471,"AW-10930"
463,"AY-10555"
415,"CC-12475"
276,"JM-16195"
176,"EB-13705"
490,"DH-13075"
582,"JH-15910"
399,"BD-11770"
457,"MA-17995"
237,"AG-10495"
145,"NG-18430"
626,"ST-20530"
463,"SV-20785"
142,"PG-18895"
323,"NM-18520"
370,"SV-20785"
337,"JF-15190"
170,"LT-17110"
449,"SJ-20125"
60,"SG-20890"
412,"JM-15265"
193,"NP-18670"
240,"CB-12535"
375,"DC-12850"
347,"GT-14710"
418,"RA-19945"
187,"VW-21775"
223,"RD-19720"
541,"RC-19825"
575,"HA-14905"
463,"PO-19195"
437,"GZ-14545"
282,"CA-12265"
386,"AA-10645"
444,"NF-18595"
359,"HG-14965"
422,"DK-12985"
380,"JG-15160"
395,"KH-16330"
122,"SS-20140"
599,"DB-13360"
490,"ZC-21910"
602,"JB-15925"
66,"LH-16900"
359,"JC-15775"
145,"BP-11155"
463,"PB-19105"
256,"LT-17110"
506,"DB-13270"
426,"DS-13030"
412,"AB-10255"
380,"SN-20710"
307,"EB-13975"
270,"RW-19540"
588,"KM-16660"
347,"RC-19960"
52,"FH-14275"
560,"CV-12805"
367,"EP-13915"
229,"NS-18505"
538,"DB-13660"
508,"BF-10975"
214,"JL-15835"
396,"JS-15940"
142,"LC-17140"
515,"LC-17050"
354,"HZ-14950"
380,"BP-11095"
577,"HK-14890"
190,"AF-10870"
420,"KE-16420"
256,"MB-17305"
60,"DR-12880"
155,"PK-19075"
471,"PT-19090"
30,"MH-18025"
375,"BE-11410"
579,"RD-19585"
420,"CM-12160"
463,"KM-16660"
570,"CW-11905"
258,"PF-19120"
490,"CG-12040"
258,"MC-17845"
3,"RB-19795"
582,"VG-21790"
390,"DB-13210"
145,"EH-13945"
210,"MH-17620"
380,"GK-14620"
387,"BT-11680"
158,"KF-16285"
490,"AP-10915"
31,"SH-20395"
214,"AB-10105"
420,"FP-14320"
575,"JH-15820"
387,"MG-17890"
628,"MJ-17740"
471,"KN-16390"
412,"RS-19420"
75,"RB-19465"
297,"RB-19360"
412,"SO-20335"
60,"JF-15490"
444,"FP-14320"
224,"DR-12880"
218,"BF-11080"
394,"SM-20950"
229,"PJ-18835"
66,"SV-20365"
471,"RB-19705"
353,"TN-21040"
220,"AJ-10960"
22,"NR-18550"
224,"CS-12400"
141,"CA-12775"
560,"CP-12340"
357,"LA-16780"
257,"FC-14335"
55,"CL-12700"
97,"LW-16990"
486,"FM-14290"
573,"JK-15640"
525,"CB-12535"
444,"JL-15850"
359,"MB-18085"
463,"DK-13225"
155,"PO-18865"
372,"SC-20440"
145,"RL-19615"
560,"JG-15805"
60,"DJ-13630"
209,"CG-12040"
471,"LS-16975"
447,"CS-12355"
221,"GA-14515"
431,"RA-19915"
357,"NP-18700"
401,"DW-13540"
354,"DW-13195"
444,"JM-15580"
354,"MS-17980"
431,"BS-11755"
357,"MG-17890"
532,"BS-11755"
60,"EM-13810"
394,"ML-17410"
570,"BP-11050"
257,"SV-20785"
613,"KN-16390"
144,"AD-10180"
31,"GB-14575"
575,"CA-12265"
491,"JM-15250"
142,"RF-19840"
324,"LO-17170"
221,"MG-17875"
495,"NH-18610"
31,"CC-12370"
390,"JW-16075"
220,"DV-13045"
599,"DO-13645"
224,"SP-20860"
1,"DF-13135"
27,"BK-11260"
374,"KM-16660"
326,"MW-18235"
131,"RS-19765"
118,"EP-13915"
243,"PJ-19015"
193,"BS-11365"
591,"PM-19135"
262,"BE-11455"
448,"AF-10870"
474,"JG-15160"
532,"AH-10690"
83,"TA-21385"
420,"CT-11995"
27,"NC-18535"
575,"DK-12985"
341,"RB-19360"
593,"NF-18385"
463,"PS-18760"
145,"SN-20560"
508,"AS-10240"
106,"VM-21835"
120,"VP-21730"
410,"AP-10720"
294,"NC-18340"
259,"KH-16360"
230,"AB-10165"
31,"SP-20545"
60,"MM-18280"
326,"PO-18850"
551,"AG-10330"
425,"CS-11950"
283,"MB-17305"
358,"NF-18385"
79,"DN-13690"
545,"LC-16960"
77,"PO-18865"
229,"AZ-10750"
144,"EM-14140"
223,"NC-18535"
624,"AH-10075"
471,"HK-14890"
515,"CT-11995"
560,"SL-20155"
214,"KL-16645"
560,"SR-20740"
412,"JM-15535"
300,"SE-20110"
251,"SM-20950"
288,"CK-12760"
573,"KH-16510"
596,"MH-17440"
490,"MY-17380"
444,"SC-20230"
237,"SC-20725"
295,"JK-16120"
175,"KL-16555"
380,"CB-12025"
435,"BG-11035"
270,"MC-17275"
220,"BP-11185"
256,"GG-14650"
182,"TC-21295"
264,"DR-12940"
380,"RL-19615"
426,"NC-18625"
490,"NM-18520"
566,"JL-15175"
626,"DW-13195"
463,"FM-14290"
36,"NS-18505"
142,"BD-11605"
338,"TH-21550"
442,"MF-17665"
372,"KN-16390"
270,"TR-21325"
367,"TP-21130"
258,"CD-11920"
582,"FC-14245"
552,"KB-16315"
127,"AS-10285"
244,"JE-15475"
605,"MA-17995"
377,"GH-14425"
297,"SC-20680"
143,"CC-12670"
500,"DP-13390"
354,"CM-12445"
508,"AD-10180"
75,"KW-16435"
204,"JG-15805"
426,"TP-21565"
490,"CS-12400"
25,"PO-19195"
489,"JP-15520"
622,"BG-11740"
444,"GT-14710"
270,"CS-12250"
161,"TS-21205"
412,"PV-18985"
230,"SR-20425"
470,"SS-20140"
401,"SH-20635"
552,"AW-10930"
471,"CA-12055"
463,"MY-18295"
560,"MR-17545"
423,"DB-13660"
575,"JW-16075"
437,"DB-13405"
463,"SC-20440"
31,"JP-16135"
187,"MC-18100"
560,"HG-14845"
508,"AC-10420"
390,"BP-11095"
532,"DS-13180"
618,"EM-13960"
479,"DB-13270"
108,"DS-13180"
170,"PF-19120"
288,"PK-19075"
594,"RB-19570"
145,"KF-16285"
270,"TS-21430"
390,"AM-10705"
490,"TT-21070"
532,"PB-18805"
582,"LC-17140"
413,"DW-13195"
214,"CA-12775"
490,"MT-18070"
258,"PJ-18835"
270,"BN-11515"
60,"FH-14365"
575,"NM-18520"
359,"MG-17650"
229,"BF-11215"
491,"AC-10660"
276,"BD-11620"
268,"BT-11440"
347,"NS-18640"
479,"TN-21040"
169,"MD-17350"
326,"HP-14815"
584,"SF-20200"
463,"EG-13900"
97,"GB-14530"
256,"TC-21535"
424,"DK-13090"
405,"JF-15190"
612,"NF-18595"
508,"MM-17920"
471,"KM-16375"
347,"RP-19390"
604,"JE-16165"
490,"DB-13615"
412,"MF-18250"
444,"LB-16795"
605,"JM-16195"
367,"CH-12070"
357,"SA-20830"
36,"SS-20875"
22,"FH-14275"
359,"NB-18655"
532,"CK-12760"
176,"KD-16615"
550,"AW-10840"
420,"JA-15970"
200,"JO-15145"
437,"SC-20260"
181,"Co-12640"
259,"ND-18370"
490,"BD-11320"
367,"AJ-10945"
257,"JH-16180"
456,"YS-21880"
346,"BP-11155"
345,"AT-10735"
560,"BM-11140"
209,"DJ-13420"
613,"JP-16135"
339,"HK-14890"
618,"DW-13585"
471,"JP-15520"
455,"AS-10135"
463,"GM-14500"
223,"LP-17095"
394,"CC-12220"
27,"CV-12805"
145,"CC-12550"
386,"RR-19525"
420,"EM-13960"
224,"AH-10195"
580,"JK-16090"
325,"RA-19285"
598,"JS-15880"
533,"JM-15865"
203,"NP-18325"
363,"NC-18340"
403,"CK-12325"
347,"MH-17620"
264,"CB-12535"
22,"BE-11410"
463,"LC-17140"
104,"HA-14920"
628,"SV-20815"
265,"DM-12955"
228,"DB-13615"
166,"KH-16630"
297,"SS-20590"
532,"KD-16345"
519,"JW-15955"
397,"DC-13285"
258,"BM-11650"
501,"PN-18775"
518,"RW-19630"
259,"RC-19825"
619,"DB-13615"
444,"HJ-14875"
581,"CD-11980"
241,"JG-15160"
297,"PL-18925"
537,"SG-20470"
508,"KC-16255"
575,"MG-17695"
328,"NM-18520"
157,"MB-17305"
432,"KB-16240"
575,"CR-12730"
575,"HK-14890"
224,"MO-17500"
431,"RB-19795"
532,"NP-18325"
336,"JH-15430"
411,"HE-14800"
297,"SC-20725"
582,"FM-14290"
31,"SH-19975"
493,"JM-15580"
322,"AP-10915"
479,"AH-10690"
380,"AG-10495"
354,"MF-18250"
468,"SG-20470"
590,"Dp-13240"
3,"JH-15820"
380,"DD-13570"
160,"DM-12955"
425,"HA-14920"
477,"MZ-17515"
315,"DP-13000"
270,"MG-17650"
447,"ME-17725"
27,"TN-21040"
297,"JC-15775"
81,"DP-13105"
232,"MA-17995"
560,"EB-13705"
359,"CM-12160"
619,"DM-13345"
173,"BP-11155"
105,"NG-18355"
237,"SN-20560"
320,"HA-14920"
367,"MJ-17740"
33,"LA-16780"
582,"HG-14965"
412,"MC-18100"
5,"CC-12100"
450,"VB-21745"
354,"SC-20380"
582,"MC-17635"
60,"BF-10975"
407,"DB-12910"
546,"AY-10555"
220,"VG-21790"
288,"TS-21205"
359,"GD-14590"
404,"RD-19720"
27,"NK-18490"
364,"TS-21085"
60,"BG-11695"
412,"SC-20725"
295,"BG-11035"
347,"BT-11680"
78,"FC-14245"
154,"EP-13915"
227,"GA-14725"
205,"AJ-10945"
258,"SM-20950"
176,"DK-13225"
229,"KM-16375"
535,"CS-12490"
563,"RW-19630"
479,"CS-12250"
91,"PN-18775"
250,"WB-21850"
324,"RS-19420"
426,"KE-16420"
444,"EJ-14155"
380,"PL-18925"
183,"MF-17665"
236,"AA-10645"
59,"AA-10315"
508,"BD-11620"
27,"CY-12745"
60,"CB-12415"
504,"AH-10195"
606,"JR-16210"
591,"NB-18655"
511,"MC-17845"
131,"CB-12025"
622,"JM-15535"
411,"SJ-20500"
7,"LO-17170"
289,"LS-16975"
82,"AG-10900"
18,"MM-18280"
270,"JS-15880"
457,"SC-20305"
148,"AS-10090"
220,"CR-12580"
173,"SC-20725"
256,"JS-16030"
515,"SM-20950"
560,"FM-14380"
347,"CR-12820"
359,"JM-15535"
91,"RO-19780"
515,"BP-11230"
602,"CS-12355"
369,"AH-10465"
38,"CA-12055"
496,"AF-10885"
516,"SJ-20500"
24,"WB-21850"
60,"PP-18955"
425,"BF-11005"
486,"DH-13675"
374,"DM-13345"
134,"MG-17680"
375,"FM-14380"
347,"SF-20965"
412,"JM-15865"
36,"LC-17140"
123,"GK-14620"
424,"CB-12415"
469,"MP-17965"
515,"AR-10510"
592,"NC-18415"
380,"MC-18100"
575,"PL-18925"
412,"JD-15895"
297,"CM-11815"
60,"JM-15250"
501,"JK-16090"
259,"KC-16675"
462,"MP-18175"
74,"CC-12145"
490,"VF-21715"
354,"KB-16585"
490,"ML-17395"
532,"AC-10420"
141,"BV-11245"
228,"EB-13975"
267,"LC-16930"
593,"JS-16030"
532,"CC-12475"
193,"CC-12475"
28,"CM-11815"
328,"MS-17710"
485,"ML-18040"
560,"KA-16525"
490,"AJ-10945"
467,"HG-14965"
582,"NZ-18565"
142,"PJ-18835"
380,"CP-12340"
270,"MM-18280"
36,"JP-15460"
495,"CS-12460"
81,"AG-10900"
561,"KB-16315"
347,"TT-21220"
349,"LP-17095"
176,"BD-11620"
57,"DM-13345"
27,"YC-21895"
515,"KN-16390"
582,"RB-19645"
258,"SH-20395"
229,"AG-10900"
224,"AH-10585"
224,"MH-18025"
230,"MK-17905"
613,"SW-20245"
256,"LH-16900"
228,"Dp-13240"
31,"TB-21190"
228,"GA-14725"
4,"MB-18085"
3,"SD-20485"
276,"EB-14170"
561,"DR-12940"
471,"JE-15715"
290,"CY-12745"
444,"NM-18520"
344,"TS-21505"
354,"DH-13075"
289,"TH-21235"
22,"DP-13390"
259,"BS-11590"
59,"EB-13750"
64,"MH-18115"
353,"PO-18850"
5,"DB-13210"
315,"PG-18820"
60,"AR-10825"
469,"SV-20365"
471,"JL-15505"
532,"AH-10210"
533,"EB-13705"
411,"LE-16810"
452,"DB-13120"
463,"TH-21115"
380,"RW-19690"
515,"JO-15280"
576,"RD-19480"
223,"TN-21040"
605,"PW-19030"
200,"MG-17695"
618,"BT-11395"
508,"TD-20995"
390,"LT-17110"
568,"DK-13090"
36,"GA-14515"
560,"DJ-13510"
148,"CT-11995"
414,"AP-10720"
149,"MM-17920"
38,"BT-11680"
258,"MC-17425"
27,"ND-18370"
561,"EM-13825"
256,"LB-16795"
564,"TW-21025"
560,"KD-16270"
582,"EP-13915"
547,"LA-16780"
224,"CS-11845"
30,"JG-15160"
193,"DB-13060"
50,"DB-12910"
403,"ND-18460"
454,"MB-17305"
270,"IG-15085"
93,"KM-16720"
433,"KH-16330"
149,"PW-19030"
609,"BP-11095"
587,"NP-18685"
353,"NB-18655"
430,"JB-15400"
420,"AF-10885"
582,"DP-13105"
410,"MG-17875"
338,"XP-21865"
258,"HR-14770"
60,"GM-14440"
208,"TB-21280"
444,"AP-10915"
173,"DK-13375"
559,"BC-11125"
136,"LW-17215"
31,"BN-11515"
410,"HF-14995"
60,"SP-20650"
599,"DO-13435"
537,"JH-16180"
603,"TC-21475"
71,"WB-21850"
197,"LH-16900"
560,"PS-18970"
258,"MO-17500"
410,"DP-13000"
420,"CC-12610"
16,"CB-12025"
490,"RL-19615"
218,"BF-11170"
47,"TS-21655"
478,"EM-14140"
224,"BN-11470"
560,"MC-18100"
390,"FM-14380"
284,"TG-21640"
318,"VF-21715"
297,"CM-12655"
231,"MG-17890"
297,"PJ-18835"
270,"MC-17575"
575,"MM-18055"
143,"SR-20740"
8,"CS-12130"
495,"SS-20140"
575,"GH-14665"
482,"AA-10480"
347,"AD-10180"
312,"BD-11635"
75,"CC-12220"
291,"CB-12025"
258,"HA-14905"
297,"PP-18955"
75,"CK-12595"
537,"DR-12880"
588,"DR-12880"
38,"KT-16465"
325,"TT-21460"
496,"SV-20935"
411,"TH-21115"
142,"JJ-15760"
282,"TS-21370"
607,"BM-11575"
359,"MD-17350"
380,"SR-20740"
270,"VG-21790"
224,"FO-14305"
159,"AS-10045"
532,"TM-21010"
405,"JG-15310"
420,"RW-19690"
38,"AG-10675"
618,"GT-14710"
613,"SB-20290"
258,"JP-15460"
495,"BF-11275"
198,"RE-19405"
367,"RB-19465"
65,"TM-21010"
585,"SC-20695"
583,"SC-20695"
30,"LL-16840"
87,"HM-14980"
418,"BE-11455"
409,"TP-21415"
403,"EG-13900"
224,"FH-14350"
38,"JS-16030"
258,"GT-14710"
365,"RB-19645"
259,"AF-10885"
104,"MS-17830"
223,"JM-15865"
495,"AG-10675"
600,"PO-18865"
42,"FM-14290"
297,"ED-13885"
444,"JF-15415"
38,"GW-14605"
214,"MS-17710"
471,"TH-21115"
190,"LR-16915"
591,"MG-18205"
21,"TC-21475"
515,"CM-12190"
145,"AA-10375"
270,"CK-12325"
444,"CC-12220"
431,"BS-11380"
87,"YS-21880"
60,"JD-16015"
439,"GH-14410"
357,"MS-17710"
508,"SS-20410"
219,"JW-15220"
31,"PN-18775"
191,"PH-18790"
347,"MV-17485"
560,"CS-11860"
420,"BC-11125"
142,"PM-18940"
479,"JP-16135"
519,"BW-11065"
60,"SU-20665"
618,"JM-16195"
560,"TB-21280"
220,"MJ-17740"
471,"FO-14305"
417,"SU-20665"
383,"EL-13735"
38,"SZ-20035"
545,"TC-21535"
216,"KW-16570"
418,"AM-10360"
560,"TS-21340"
142,"CC-12610"
177,"RL-19615"
619,"MD-17860"
463,"NK-18490"
501,"PG-18820"
31,"BD-11770"
580,"KL-16645"
532,"BS-11380"
398,"DL-13315"
193,"ML-17395"
220,"EP-13915"
67,"NC-18625"
55,"KM-16225"
380,"TC-21535"
27,"KT-16480"
270,"PO-19180"
508,"RD-19900"
463,"EB-13705"
270,"JF-15295"
288,"EB-13870"
560,"DK-13375"
262,"LS-16945"
201,"MT-17815"
258,"MP-17470"
110,"BT-11395"
27,"CB-12535"
75,"HG-14965"
224,"AG-10765"
515,"PB-19150"
359,"BM-11785"
48,"CC-12610"
390,"MC-17605"
532,"TZ-21580"
209,"MY-18295"
80,"PS-18760"
265,"MS-17710"
545,"SH-20395"
179,"TM-21010"
36,"SF-20065"
490,"MS-17365"
487,"TC-21475"
281,"AG-10495"
346,"EM-13825"
380,"JO-15280"
53,"DK-12895"
380,"RM-19675"
27,"AY-10555"
403,"NF-18385"
27,"JR-16210"
325,"VG-21805"
560,"SP-20545"
93,"TS-21205"
439,"NR-18550"
456,"BB-11545"
490,"TB-21190"
560,"JE-15475"
13,"SC-20305"
545,"JM-15865"
14,"LS-17200"
590,"EH-13765"
418,"BT-11530"
380,"WB-21850"
596,"LT-16765"
270,"MR-17545"
283,"JB-16000"
413,"LP-17095"
565,"CG-12040"
471,"RB-19435"
37,"JF-15490"
117,"LL-16840"
75,"SA-20830"
223,"LW-16825"
442,"RF-19345"
444,"DG-13300"
600,"NP-18685"
22,"KL-16555"
288,"CC-12610"
560,"HP-14815"
618,"RA-19885"
74,"PF-19165"
322,"AH-10210"
354,"HL-15040"
393,"CP-12085"
380,"AS-10240"
552,"SC-20095"
87,"GT-14635"
555,"CB-12025"
22,"DR-12940"
60,"MV-18190"
444,"SG-20080"
256,"IL-15100"
515,"DP-13390"
403,"RF-19840"
166,"EM-14140"
554,"DC-13285"
46,"FH-14275"
613,"TS-21610"
420,"NB-18655"
243,"JK-15730"
191,"CS-12490"
515,"CL-12565"
170,"PS-18760"
575,"ME-17725"
575,"SA-20830"
560,"HZ-14950"
88,"JP-15520"
629,"JL-15130"
258,"EB-13840"
579,"RA-19885"
38,"SJ-20500"
60,"FP-14320"
618,"AS-10285"
441,"SC-20050"
97,"JE-15715"
27,"PK-19075"
18,"TD-20995"
532,"SH-19975"
75,"JM-15265"
47,"AA-10375"
491,"VS-21820"
515,"RA-19285"
256,"BD-11635"
38,"NM-18520"
253,"RA-19945"
380,"GB-14530"
75,"SP-20920"
36,"SE-20110"
416,"JF-15190"
479,"MP-18175"
295,"RD-19930"
258,"RD-19810"
170,"SC-20770"
490,"AO-10810"
431,"DG-13300"
531,"RH-19510"
463,"ST-20530"
288,"RR-19525"
532,"ME-18010"
363,"EH-14005"
582,"LB-16735"
544,"DO-13435"
560,"TB-21400"
262,"DB-13270"
17,"MS-17770"
620,"AB-10105"
464,"WB-21850"
16,"BF-11020"
326,"DA-13450"
532,"PA-19060"
469,"CK-12325"
490,"TT-21220"
86,"TD-20995"
601,"JL-15175"
592,"KD-16270"
412,"SC-20305"
60,"AT-10735"
523,"AH-10210"
560,"SG-20470"
39,"GA-14725"
630,"LE-16810"
82,"CT-11995"
591,"SA-20830"
75,"LD-16855"
493,"PC-18745"
60,"BM-11650"
341,"VW-21775"
425,"EA-14035"
258,"AI-10855"
183,"TS-21160"
591,"ZD-21925"
431,"EH-14005"
36,"LS-16945"
390,"SH-20395"
412,"EM-14095"
151,"SF-20200"
589,"CD-12790"
359,"DM-13015"
285,"JO-15550"
412,"AB-10165"
224,"MH-17455"
130,"BG-11695"
60,"EN-13780"
444,"MH-17785"
273,"RD-19720"
495,"RA-19915"
490,"CC-12370"
575,"RF-19735"
495,"JP-16135"
452,"EH-14125"
552,"CC-12430"
444,"KC-16675"
501,"AG-10270"
60,"MP-18175"
164,"JB-16000"
27,"JO-15145"
605,"EH-13765"
350,"MY-17380"
209,"MG-17650"
220,"BT-11530"
357,"LS-17200"
452,"VB-21745"
198,"JH-15820"
155,"JD-15895"
370,"CB-12535"
300,"MC-17575"
548,"PM-18940"
495,"CS-12505"
420,"DP-13105"
359,"SP-20860"
490,"SB-20185"
60,"SF-20200"
24,"CL-12565"
258,"KH-16330"
60,"KB-16600"
375,"MH-17290"
538,"JP-15460"
229,"KT-16480"
31,"DK-13225"
183,"JD-16015"
38,"ES-14020"
282,"SC-20725"
215,"AJ-10780"
613,"TB-21595"
173,"GP-14740"
325,"HR-14770"
396,"BE-11410"
223,"AB-10105"
560,"NW-18400"
510,"SP-20920"
31,"MY-17380"
38,"AH-10120"
170,"MT-18070"
31,"LF-17185"
444,"FH-14350"
145,"RM-19675"
444,"VM-21685"
27,"PG-18820"
31,"TW-21025"
258,"DP-13105"
354,"ST-20530"
323,"EM-13825"
263,"JL-15835"
560,"CA-12265"
370,"RM-19375"
294,"CS-12400"
511,"FM-14380"
471,"DW-13540"
209,"HR-14770"
119,"PV-18985"
31,"RP-19390"
270,"ML-17395"
262,"BD-11320"
560,"AS-10225"
258,"JH-16180"
291,"MH-17455"
31,"VD-21670"
168,"PO-18850"
347,"JP-15460"
210,"CA-12310"
560,"BF-11020"
560,"JL-15835"
157,"ND-18370"
38,"NC-18340"
560,"SB-20185"
414,"DC-12850"
444,"TC-20980"
508,"RP-19390"
295,"CS-12130"
255,"PS-19045"
145,"BP-11290"
420,"GM-14680"
163,"MP-17965"
256,"EA-14035"
521,"PF-19165"
258,"AD-10180"
359,"CC-12430"
48,"MY-18295"
621,"DH-13075"
495,"BD-11500"
185,"JH-15820"
464,"TB-21625"
420,"AS-10285"
564,"RB-19435"
322,"KC-16675"
499,"LW-17215"
444,"GM-14680"
287,"DK-13375"
228,"JG-15115"
425,"LW-17215"
495,"FO-14305"
157,"JM-15655"
425,"AS-10045"
490,"JC-16105"
246,"IG-15085"
511,"VD-21670"
258,"CM-12655"
135,"MS-17530"
508,"CC-12100"
50,"SW-20455"
491,"VW-21775"
560,"RA-19285"
27,"BD-11320"
322,"CC-12685"
134,"LF-17185"
255,"BM-11785"
57,"LC-16870"
615,"HG-15025"
335,"RD-19480"
596,"EK-13795"
457,"AG-10765"
258,"SW-20275"
91,"KW-16570"
515,"GA-14515"
256,"MY-18295"
228,"ER-13855"
425,"JF-15355"
560,"GW-14605"
265,"AG-10330"
248,"DK-12895"
380,"AT-10735"
270,"BD-11320"
560,"CP-12085"
425,"RF-19840"
357,"BD-11560"
532,"AD-10180"
618,"LC-16870"
27,"RO-19780"
420,"DB-13270"
412,"BB-10990"
426,"MM-18055"
224,"BB-11545"
258,"KB-16405"
359,"BS-11755"
380,"TG-21310"
438,"JE-15745"
431,"RH-19495"
582,"XP-21865"
354,"DP-13000"
327,"GG-14650"
289,"ME-17320"
31,"CV-12295"
36,"ME-17725"
437,"JB-15400"
362,"AI-10855"
428,"RH-19600"
309,"AG-10270"
508,"DP-13390"
591,"VG-21790"
258,"FO-14305"
322,"RD-19585"
271,"KM-16720"
27,"FC-14335"
75,"ML-17410"
444,"MZ-17335"
27,"SP-20620"
297,"SW-20275"
586,"TB-21250"
258,"ES-14020"
12,"AB-10255"
21,"JK-15640"
547,"DV-13045"
222,"LS-17245"
272,"JP-15520"
31,"CM-12655"
424,"AB-10150"
74,"EB-13705"
392,"EH-13990"
444,"JF-15490"
533,"KB-16315"
380,"AG-10300"
66,"TT-21220"
359,"ML-17410"
236,"TP-21130"
347,"JE-15715"
490,"CC-12100"
27,"EC-14050"
259,"JM-16195"
223,"MZ-17335"
321,"ME-17320"
479,"MZ-17335"
532,"SJ-20500"
450,"RP-19855"
75,"SJ-20215"
297,"AT-10735"
347,"KB-16600"
380,"MB-18085"
564,"KF-16285"
575,"NF-18595"
549,"AB-10060"
629,"TB-21190"
591,"CK-12760"
145,"RW-19540"
559,"MY-18295"
506,"AB-10105"
288,"AT-10735"
412,"PW-19030"
204,"RB-19360"
587,"SG-20470"
560,"JG-15160"
444,"MS-17530"
444,"FG-14260"
618,"SG-20470"
221,"CC-12145"
10,"PJ-18835"
292,"TB-21520"
327,"CG-12040"
82,"LP-17080"
72,"CM-12190"
545,"KH-16360"
467,"CL-12700"
626,"FC-14335"
354,"EB-14170"
81,"PA-19060"
230,"TZ-21580"
258,"PK-19075"
145,"KD-16615"
560,"JF-15190"
27,"SC-20260"
412,"DV-13045"
450,"BD-11725"
551,"SP-20650"
31,"BS-11590"
560,"HM-14860"
270,"SE-20110"
134,"BT-11680"
258,"TB-21175"
289,"LH-17155"
359,"CH-12070"
157,"JP-15460"
438,"FM-14380"
87,"JH-15430"
569,"TP-21565"
270,"LP-17080"
464,"TP-21565"
261,"SD-20485"
380,"DV-13465"
30,"SV-20365"
508,"NH-18610"
297,"Dp-13240"
326,"TT-21220"
111,"GK-14620"
218,"LS-16975"
387,"MN-17935"
560,"DJ-13630"
622,"FM-14290"
517,"DM-12955"
394,"CS-12355"
27,"TC-21535"
338,"MA-17560"
97,"JH-15820"
155,"RS-19765"
418,"SV-20365"
629,"KH-16690"
420,"RD-19720"
354,"JE-15475"
476,"SL-20155"
132,"RH-19600"
5,"HJ-14875"
359,"KH-16360"
209,"IM-15070"
515,"FH-14275"
490,"BP-11230"
463,"VM-21685"
297,"CL-12565"
31,"EA-14035"
31,"LC-16930"
603,"TB-21280"
359,"RB-19795"
618,"LC-16885"
5,"LD-17005"
31,"RM-19675"
618,"PR-18880"
75,"BH-11710"
166,"EK-13795"
36,"MN-17935"
477,"SC-20725"
359,"VT-21700"
466,"ND-18460"
353,"KC-16675"
387,"BT-11485"
388,"BM-11575"
270,"SU-20665"
16,"DC-12850"
212,"AB-10165"
591,"SP-20860"
515,"KM-16720"
575,"RF-19345"
27,"EH-14125"
618,"PK-18910"
515,"CC-12145"
359,"PL-18925"
27,"KH-16690"
75,"QJ-19255"
471,"CC-12475"
508,"BG-11740"
38,"ED-13885"
523,"AI-10855"
258,"JL-15505"
444,"KL-16645"
618,"BD-11605"
367,"NH-18610"
602,"FM-14215"
289,"DB-13270"
138,"MT-18070"
560,"FP-14320"
111,"MG-17890"
89,"TM-21010"
306,"SE-20110"
31,"RD-19585"
72,"RH-19495"
323,"SA-20830"
218,"MG-17890"
60,"NS-18640"
412,"TB-21400"
258,"TS-21370"
532,"CC-12430"
508,"BW-11065"
545,"GD-14590"
146,"SF-20065"
224,"KD-16345"
32,"GH-14485"
256,"EB-14110"
567,"CJ-12010"
258,"HR-14830"
116,"FH-14275"
618,"JO-15550"
462,"EB-13750"
423,"MP-17965"
59,"GH-14665"
2,"KL-16555"
102,"AS-10090"
580,"RC-19960"
444,"MC-17275"
256,"BM-11785"
169,"JE-15745"
198,"SB-20290"
532,"FH-14275"
390,"MO-17950"
79,"BB-11545"
57,"BE-11455"
293,"AA-10375"
31,"SG-20470"
560,"PJ-19015"
75,"SB-20185"
359,"DK-12835"
16,"AB-10015"
270,"KH-16510"
136,"RC-19960"
60,"TB-21625"
258,"Dl-13600"
495,"YS-21880"
370,"VM-21685"
258,"LW-17215"
410,"HZ-14950"
259,"DW-13480"
549,"BM-11140"
265,"RW-19540"
145,"GZ-14545"
450,"JO-15145"
456,"DW-13480"
157,"AI-10855"
532,"HJ-14875"
437,"AG-10270"
411,"EM-14140"
145,"CM-12655"
119,"HD-14785"
560,"CS-12250"
3,"JL-15505"
392,"CR-12580"
444,"JO-15550"
293,"SS-20410"
328,"BS-11380"
162,"SE-20110"
138,"RB-19465"
606,"CC-12430"
532,"MW-18235"
450,"JL-15835"
168,"FC-14245"
115,"JF-15295"
224,"CS-12250"
75,"SD-20485"
258,"MH-17785"
170,"RF-19840"
5,"RW-19630"
293,"JS-15880"
209,"PK-19075"
75,"ME-17320"
509,"QJ-19255"
297,"DS-13030"
60,"RH-19495"
218,"RP-19390"
515,"LA-16780"
618,"CS-12400"
519,"KN-16705"
495,"KS-16300"
265,"SV-20935"
292,"TS-21505"
618,"DB-13615"
146,"CS-12505"
566,"CA-12265"
31,"MT-17815"
259,"JK-16090"
567,"HR-14830"
123,"BG-11035"
16,"AH-10075"
293,"JG-15160"
49,"CD-12790"
508,"GA-14725"
60,"PN-18775"
297,"RO-19780"
30,"MC-17275"
260,"CB-12535"
390,"CS-11860"
55,"MB-18085"
228,"KH-16630"
148,"NH-18610"
396,"DB-13660"
582,"PS-19045"
613,"SR-20425"
547,"BG-11035"
444,"HM-14980"
142,"AJ-10795"
420,"LR-17035"
615,"HP-14815"
288,"PN-18775"
285,"AA-10645"
297,"VF-21715"
582,"FW-14395"
55,"RW-19690"
155,"CS-12250"
134,"JG-15310"
319,"PP-18955"
479,"CK-12595"
199,"NF-18385"
195,"MA-17560"
125,"BB-11545"
354,"MR-17545"
431,"AP-10915"
490,"RD-19810"
447,"TH-21100"
270,"EB-13840"
60,"EH-13990"
397,"EB-13750"
231,"DB-13120"
568,"KB-16585"
444,"TB-21400"
72,"JD-16060"
431,"SH-19975"
532,"RD-19480"
297,"TP-21415"
210,"NG-18430"
55,"PP-18955"
171,"GM-14440"
412,"SC-20575"
107,"BW-11200"
431,"SE-20110"
443,"BT-11440"
125,"TB-21520"
593,"MC-17635"
297,"DK-13375"
532,"CC-12550"
431,"CC-12610"
290,"DP-13390"
249,"NL-18310"
289,"RE-19450"
575,"GM-14500"
417,"DL-12925"
411,"JD-16150"
85,"SC-20260"
591,"TH-21550"
22,"AW-10930"
532,"SC-20260"
618,"LW-16990"
79,"PW-19240"
27,"EK-13795"
16,"SC-20230"
325,"ZD-21925"
229,"EM-14200"
60,"LH-16900"
224,"EB-13840"
411,"CW-11905"
444,"TW-21025"
532,"MB-17305"
256,"RC-19960"
501,"SP-20650"
575,"DP-13165"
31,"NM-18520"
114,"DL-12865"
420,"JK-16120"
532,"PV-18985"
495,"LH-16900"
75,"DB-13060"
508,"JK-15640"
532,"LC-17140"
490,"MG-18145"
5,"QJ-19255"
270,"MW-18220"
335,"AG-10300"
577,"SC-20380"
444,"BF-11020"
27,"DJ-13420"
490,"NL-18310"
66,"GB-14530"
101,"AS-10225"
210,"BG-11695"
463,"SW-20245"
463,"LS-16945"
585,"MC-17635"
224,"AG-10900"
19,"TR-21325"
256,"MD-17350"
66,"KH-16360"
471,"KH-16630"
490,"SC-20095"
126,"RD-19660"
38,"MS-17770"
230,"SC-20845"
411,"HL-15040"
258,"LC-17140"
36,"MC-17845"
477,"CM-12445"
380,"JL-15835"
479,"RA-19915"
615,"NC-18415"
45,"SP-20920"
5,"DK-12835"
412,"BT-11530"
224,"HE-14800"
10,"ML-17395"
28,"AS-10630"
200,"KT-16480"
220,"DJ-13510"
437,"BD-11605"
582,"KH-16690"
490,"JA-15970"
420,"MG-17695"
300,"LH-17155"
295,"TB-21250"
138,"AR-10510"
297,"JM-15265"
31,"FW-14395"
120,"PS-19045"
330,"HL-15040"
374,"BF-10975"
361,"MP-17470"
491,"HM-14860"
26,"LA-16780"
367,"BS-11755"
368,"VM-21685"
526,"EM-14200"
339,"DP-13105"
74,"MH-17785"
463,"BT-11485"
258,"DO-13435"
206,"NR-18550"
506,"MC-17425"
490,"TS-21430"
258,"MM-18280"
31,"BW-11200"
390,"NS-18640"
618,"LR-17035"
330,"JP-15520"
337,"MK-17905"
471,"DM-13525"
387,"DK-13090"
479,"DW-13480"
347,"AC-10420"
465,"DL-13495"
490,"ED-13885"
31,"AA-10315"
492,"DR-12940"
21,"FC-14245"
490,"OT-18730"
453,"SS-20590"
412,"SP-20920"
424,"JG-15160"
175,"SP-20620"
435,"BD-11605"
618,"AA-10315"
374,"MO-17800"
597,"RD-19900"
214,"MP-17965"
168,"EH-14005"
411,"JC-15775"
258,"BD-11620"
625,"LB-16795"
132,"NC-18535"
393,"BG-11740"
258,"JS-15685"
560,"DL-13315"
533,"TT-21070"
295,"DB-13270"
224,"RO-19780"
270,"KA-16525"
270,"GG-14650"
168,"JH-15430"
591,"CP-12340"
258,"MS-17770"
571,"CS-12250"
46,"DB-13405"
495,"GA-14515"
53,"PO-19180"
390,"RB-19570"
256,"SP-20920"
495,"SC-20680"
287,"HG-15025"
66,"LS-17230"
75,"JF-15415"
582,"CC-12670"
450,"PF-19120"
420,"DD-13570"
177,"BF-11080"
602,"DB-13555"
60,"GT-14635"
265,"AA-10375"
31,"SL-20155"
75,"LW-17215"
411,"CB-12535"
166,"BK-11260"
258,"BT-11440"
420,"AR-10510"
359,"MG-17680"
550,"RA-19885"
220,"LC-16960"
426,"BF-11005"
128,"NP-18685"
27,"RB-19795"
354,"AG-10525"
73,"EP-13915"
47,"MY-17380"
10,"DJ-13510"
560,"DB-12970"
424,"FH-14365"
575,"SM-20950"
460,"VG-21790"
290,"CS-12175"
390,"AG-10675"
315,"JK-15730"
490,"BM-11575"
530,"JM-15655"
428,"JK-15370"
540,"Co-12640"
31,"DL-12865"
224,"BS-11665"
380,"GM-14440"
367,"DS-13180"
31,"AH-10075"
560,"AH-10195"
513,"JL-15505"
300,"RM-19375"
471,"AR-10345"
618,"CM-11815"
340,"BH-11710"
542,"JK-16120"
313,"SU-20665"
618,"MZ-17335"
75,"GM-14455"
172,"TR-21325"
515,"DB-12970"
532,"PO-19195"
31,"MM-18055"
60,"PB-19150"
515,"AG-10390"
75,"BM-11575"
27,"VW-21775"
307,"DH-13075"
412,"EM-13810"
495,"BP-11155"
120,"JF-15295"
463,"LS-17200"
265,"TW-21025"
591,"EP-13915"
338,"TC-21295"
60,"LC-16885"
76,"KF-16285"
228,"LH-16750"
390,"NC-18415"
380,"PW-19030"
605,"PC-18745"
258,"SB-20170"
75,"HW-14935"
442,"BP-11095"
347,"DB-13210"
60,"CJ-12010"
374,"EH-13990"
444,"SH-19975"
547,"JE-15745"
595,"EH-13945"
401,"JL-15130"
295,"CV-12805"
619,"JK-15730"
36,"KE-16420"
621,"CB-12025"
148,"JS-15880"
380,"MV-17485"
75,"TS-21205"
258,"AJ-10960"
598,"GT-14755"
157,"CK-12760"
169,"TS-21655"
615,"CV-12805"
490,"TB-21520"
228,"EA-14035"
248,"SJ-20125"
293,"BF-11170"
420,"SV-20365"
145,"SC-20770"
27,"AH-10120"
515,"MC-17605"
556,"CK-12205"
31,"DC-12850"
60,"KC-16255"
313,"BM-11650"
209,"SH-19975"
323,"DN-13690"
413,"GM-14440"
259,"AH-10120"
501,"GT-14710"
498,"RR-19525"
361,"PG-18820"
546,"PS-19045"
289,"GA-14515"
56,"KB-16315"
418,"AS-10240"
591,"NF-18475"
255,"DH-13675"
359,"Dp-13240"
367,"BT-11440"
82,"BF-11275"
613,"SC-20695"
456,"RD-19660"
27,"TB-21625"
63,"MT-17815"
413,"MH-18025"
36,"RA-19915"
140,"HR-14830"
484,"KB-16405"
431,"NP-18700"
418,"JK-15640"
444,"BT-11305"
380,"TH-21235"
560,"AH-10210"
349,"RD-19720"
302,"SF-20065"
27,"JK-15640"
224,"RL-19615"
170,"MY-17380"
297,"MJ-17740"
320,"KD-16495"
71,"SC-20095"
347,"SV-20815"
600,"KF-16285"
258,"DP-13000"
16,"MC-17590"
15,"AJ-10780"
31,"AS-10090"
258,"MW-18220"
60,"HM-14980"
229,"NC-18535"
200,"MH-18025"
463,"MO-17800"
618,"AR-10540"
290,"JL-15175"
262,"AA-10375"
377,"BF-11020"
4,"BF-10975"
471,"CM-12715"
31,"PG-18820"
463,"TB-21520"
74,"DK-13375"
145,"BG-11740"
300,"HA-14905"
600,"HF-14995"
271,"AC-10450"
320,"JF-15565"
347,"MT-18070"
515,"CW-11905"
138,"HW-14935"
511,"CS-11950"
176,"CA-12310"
582,"KD-16615"
5,"AA-10480"
541,"GM-14695"
264,"AG-10300"
508,"JD-16015"
145,"JO-15145"
256,"JB-16045"
339,"DB-12910"
560,"KD-16495"
27,"ED-13885"
555,"TB-21355"
424,"ND-18370"
142,"BG-11035"
508,"CK-12205"
297,"JK-15625"
320,"ML-18265"
399,"PF-19225"
526,"ZC-21910"
60,"CC-12670"
521,"JK-15625"
600,"HW-14935"
2,"JL-15175"
508,"FH-14365"
442,"MK-17905"
575,"HD-14785"
444,"ME-18010"
367,"MS-17365"
297,"PB-18805"
28,"LW-16825"
444,"NP-18670"
54,"RA-19915"
359,"SP-20545"
382,"MC-17275"
75,"LC-16870"
84,"LC-16885"
93,"DP-13390"
471,"TP-21415"
473,"KN-16705"
170,"PT-19090"
169,"SC-20095"
220,"JE-15745"
258,"CV-12805"
175,"HG-14965"
16,"SC-20050"
413,"AH-10075"
342,"RF-19345"
380,"SV-20365"
529,"AF-10870"
560,"AR-10510"
575,"RW-19630"
223,"JA-15970"
340,"JS-16030"
411,"DB-13555"
384,"NM-18445"
145,"AM-10360"
270,"TW-21025"
471,"BD-11770"
354,"TC-21295"
361,"PB-19105"
20,"CS-12250"
73,"NK-18490"
359,"BD-11770"
450,"FM-14215"
258,"MH-17440"
270,"CC-12220"
463,"LH-16750"
138,"TB-21400"
560,"NP-18325"
181,"BD-11620"
218,"CC-12475"
262,"GM-14500"
258,"SM-20005"
21,"VW-21775"
418,"JE-15715"
384,"CD-11920"
587,"TB-21175"
519,"MV-18190"
74,"HW-14935"
193,"ES-14080"
409,"CS-11950"
363,"KW-16435"
347,"MS-17980"
256,"JP-16135"
425,"SJ-20215"
411,"DB-13660"
30,"BD-11725"
74,"JK-15370"
628,"EB-13870"
545,"LE-16810"
224,"AB-10600"
511,"SC-20800"
354,"NC-18415"
582,"MC-17605"
145,"HM-14980"
60,"JK-15640"
270,"SJ-20125"
532,"CM-12445"
591,"BF-11020"
282,"LB-16795"
503,"SN-20710"
21,"CK-12205"
613,"MN-17935"
490,"DW-13195"
465,"MO-17800"
102,"TW-21025"
60,"DS-13030"
27,"GA-14725"
322,"GW-14605"
530,"RD-19900"
36,"DW-13540"
74,"JE-15610"
145,"AH-10690"
224,"MC-18100"
60,"SW-20275"
515,"GK-14620"
224,"CL-11890"
592,"TM-21490"
276,"SP-20650"
31,"AP-10720"
161,"LA-16780"
258,"EH-13765"
575,"CC-12670"
123,"BW-11110"
209,"AG-10675"
560,"DK-12835"
51,"JM-15655"
289,"EM-13825"
495,"DL-13495"
220,"JE-15475"
582,"LH-17155"
96,"BB-10990"
188,"GP-14740"
264,"KT-16480"
618,"LH-17155"
31,"SM-20950"
420,"JL-15850"
38,"JL-15130"
560,"BP-11095"
258,"DP-13165"
60,"CS-12460"
584,"GD-14590"
575,"RB-19570"
269,"KL-16645"
618,"CC-12430"
223,"CM-11815"
60,"SE-20110"
490,"GM-14680"
402,"ND-18370"
256,"CB-12415"
575,"TS-21610"
170,"CY-12745"
597,"DL-13495"
72,"PG-18895"
418,"LC-17140"
411,"VM-21835"
97,"SM-20320"
532,"AH-10030"
223,"TB-21280"
367,"TH-21550"
140,"PF-19120"
320,"RL-19615"
486,"SC-20095"
36,"CS-11860"
580,"DK-12835"
27,"HH-15010"
322,"DB-13555"
58,"CJ-12010"
270,"SH-19975"
347,"FH-14275"
54,"LB-16795"
295,"NG-18430"
490,"LS-17245"
404,"SA-20830"
467,"KW-16435"
290,"TS-21505"
353,"TC-21295"
213,"MF-18250"
255,"FO-14305"
412,"JF-15295"
526,"BV-11245"
256,"GM-14455"
434,"NS-18640"
426,"LC-16870"
86,"JK-16120"
579,"JO-15145"
297,"MV-17485"
345,"HM-14860"
463,"CS-11950"
142,"EM-14095"
50,"CC-12670"
618,"SP-20920"
134,"BD-11725"
145,"RS-19765"
603,"GT-14710"
405,"KF-16285"
505,"MH-17785"
618,"PG-18895"
618,"HA-14920"
447,"KM-16375"
444,"BS-11365"
450,"BO-11425"
560,"TH-21235"
79,"EL-13735"
575,"FC-14335"
230,"JE-15745"
34,"AB-10060"
224,"SP-20545"
490,"SP-20860"
171,"AH-10030"
618,"FC-14245"
292,"CC-12430"
27,"EB-13750"
619,"SG-20605"
221,"TS-21655"
408,"FC-14245"
297,"PO-19180"
498,"BN-11470"
17,"DC-13285"
322,"ME-17320"
224,"MM-17920"
515,"BT-11395"
412,"KB-16240"
258,"NC-18340"
491,"EA-14035"
260,"SH-20395"
116,"JF-15565"
412,"SS-20140"
560,"DL-13495"
567,"AH-10075"
411,"MY-18295"
367,"PK-19075"
495,"VB-21745"
359,"CC-12475"
270,"ME-17725"
214,"RD-19585"
224,"EG-13900"
121,"LR-17035"
515,"CS-12130"
74,"AA-10645"
97,"JM-15580"
265,"CA-12775"
536,"GD-14590"
420,"BO-11350"
479,"LR-16915"
54,"KH-16330"
359,"HD-14785"
52,"HK-14890"
411,"JJ-15445"
209,"HE-14800"
69,"JD-16150"
390,"AS-10045"
75,"TA-21385"
257,"LB-16795"
325,"MC-17635"
463,"MC-18100"
423,"AA-10480"
423,"FM-14215"
442,"JS-15595"
430,"AT-10735"
212,"CC-12430"
297,"FH-14365"
21,"CB-12415"
337,"TB-21625"
5,"NM-18445"
473,"LC-16930"
60,"TH-21550"
400,"TD-20995"
170,"FA-14230"
593,"RE-19450"
593,"DK-13150"
470,"FC-14335"
580,"TP-21130"
229,"GK-14620"
304,"BO-11350"
12,"RD-19585"
55,"BE-11455"
479,"SB-20290"
159,"WB-21850"
464,"LS-17230"
226,"VM-21835"
411,"JM-16195"
532,"TC-21535"
508,"RB-19795"
297,"AC-10615"
270,"TT-21070"
281,"PR-18880"
508,"GB-14530"
543,"RB-19795"
547,"MC-17275"
224,"JL-15235"
90,"AW-10840"
463,"BP-11290"
168,"KB-16585"
162,"LW-17125"
380,"SJ-20215"
31,"MW-18220"
560,"FH-14275"
490,"JB-16000"
394,"AD-10180"
220,"MS-17530"
125,"NG-18355"
38,"JJ-15760"
420,"CS-11950"
531,"JG-15805"
431,"ON-18715"
228,"MB-18085"
200,"EB-13750"
223,"EB-13870"
10,"SP-20860"
163,"KN-16705"
547,"JO-15280"
289,"GA-14725"
258,"MS-17365"
258,"KL-16645"
401,"GW-14605"
184,"SC-20095"
347,"PO-18850"
192,"BD-11320"
50,"EP-13915"
223,"LC-16930"
75,"LS-16975"
417,"SM-20950"
563,"RR-19525"
258,"MF-18250"
209,"JE-15610"
515,"AT-10435"
134,"SM-20905"
573,"MV-18190"
463,"JS-15685"
582,"CS-12250"
560,"JC-15340"
401,"ES-14020"
323,"CD-12790"
430,"CA-12310"
238,"BO-11350"
272,"PK-19075"
289,"JF-15565"
31,"JC-15775"
275,"CT-11995"
297,"SC-20260"
513,"SP-20545"
220,"DS-13180"
36,"EN-13780"
60,"CC-12430"
386,"KM-16720"
410,"EH-14125"
82,"CM-11935"
87,"SC-20380"
560,"BT-11530"
359,"KM-16225"
230,"PO-19180"
354,"LF-17185"
162,"LB-16795"
545,"KH-16510"
515,"PC-19000"
532,"EB-13705"
27,"JF-15565"
533,"KH-16630"
322,"TB-21175"
347,"SM-20005"
442,"PN-18775"
30,"KB-16585"
224,"CM-12190"
68,"PO-18850"
210,"EB-13750"
30,"AC-10450"
592,"AD-10180"
174,"CS-12250"
75,"EP-13915"
515,"AB-10600"
142,"KH-16690"
191,"CS-11860"
48,"SL-20155"
235,"BT-11305"
345,"PG-18895"
325,"HL-15040"
60,"CS-12490"
544,"NR-18550"
297,"KB-16585"
336,"CD-11980"
490,"MV-18190"
55,"NZ-18565"
12,"GK-14620"
288,"LR-16915"
246,"CP-12085"
188,"SS-20875"
412,"MH-17290"
508,"FG-14260"
145,"BP-11095"
561,"PP-18955"
297,"JH-15985"
446,"DB-13210"
390,"EM-14065"
456,"LC-16885"
183,"BB-10990"
36,"FO-14305"
428,"KC-16255"
420,"DB-13210"
258,"LC-16885"
545,"SE-20110"
617,"BN-11515"
111,"BM-11785"
452,"HL-15040"
420,"NB-18580"
325,"SF-20200"
258,"LS-16975"
411,"ME-17725"
228,"CK-12595"
508,"RL-19615"
495,"BS-11365"
60,"DK-13150"
387,"KH-16630"
339,"DK-12835"
456,"CV-12805"
380,"LS-17230"
412,"GM-14695"
78,"GA-14725"
154,"RD-19900"
60,"AG-10390"
452,"DK-13225"
60,"RB-19705"
420,"DG-13300"
390,"MH-17455"
183,"JS-15880"
27,"CA-12265"
532,"SC-20770"
270,"ML-18265"
591,"DV-13045"
223,"TS-21085"
60,"SW-20755"
411,"PP-18955"
270,"AB-10255"
354,"JL-15850"
183,"AB-10165"
515,"HG-14965"
435,"KW-16570"
220,"JD-16150"
599,"JB-16000"
265,"JL-15850"
507,"MW-18220"
229,"YC-21895"
463,"JD-15895"
256,"PJ-19015"
27,"ES-14020"
191,"RA-19285"
418,"CA-12055"
381,"PV-18985"
347,"VB-21745"
545,"GB-14575"
520,"MY-18295"
424,"LR-17035"
601,"LH-16750"
227,"VM-21685"
252,"DK-13375"
479,"NP-18325"
258,"LO-17170"
282,"SF-20965"
60,"PO-18865"
471,"CS-11845"
499,"HA-14905"
138,"BD-11320"
458,"DB-13210"
193,"CR-12625"
411,"PK-19075"
506,"DK-12835"
183,"SK-19990"
592,"AB-10150"
258,"AH-10465"
130,"VM-21685"
582,"JF-15490"
155,"EA-14035"
145,"FH-14365"
420,"JS-15940"
27,"EB-13930"
63,"TS-21340"
444,"MM-17260"
428,"MF-17665"
52,"SJ-20125"
123,"CC-12685"
262,"RH-19510"
495,"JB-16045"
591,"KL-16555"
575,"CB-12415"
305,"HG-14845"
560,"CS-11950"
274,"EH-13990"
48,"LR-16915"
38,"PW-19240"
325,"MM-17920"
159,"SA-20830"
532,"DS-13030"
594,"SZ-20035"
532,"GA-14515"
276,"AJ-10945"
138,"CL-12565"
532,"JK-15370"
258,"MV-18190"
495,"BD-11725"
399,"BS-11755"
618,"TS-21340"
358,"EH-14125"
366,"CK-12325"
582,"KT-16465"
328,"NP-18700"
442,"JK-15370"
424,"CL-12565"
168,"DL-12865"
218,"RC-19960"
75,"SN-20560"
58,"SM-20320"
258,"TH-21550"
237,"BC-11125"
571,"RP-19855"
258,"DR-12880"
224,"LC-16870"
220,"ED-13885"
145,"PO-18850"
438,"DS-13180"
595,"JF-15490"
544,"AC-10450"
508,"AG-10765"
386,"TD-20995"
605,"BG-11695"
424,"AR-10825"
508,"JO-15280"
292,"SB-20185"
49,"AW-10930"
417,"LH-16900"
142,"RB-19435"
229,"NC-18625"
513,"JA-15970"
264,"AR-10405"
359,"BN-11470"
464,"AM-10360"
121,"DB-13120"
31,"BS-11380"
270,"SR-20740"
532,"AG-10300"
515,"RD-19585"
118,"SP-20860"
118,"EM-13810"
575,"MC-17605"
354,"KD-16270"
413,"FH-14365"
412,"VS-21820"
202,"JB-15400"
380,"BN-11515"
567,"LB-16795"
420,"JF-15190"
288,"BG-11035"
113,"JM-15865"
297,"TC-21475"
515,"SN-20710"
133,"TB-21055"
615,"GB-14530"
560,"SH-20395"
31,"MP-17965"
501,"SW-20350"
579,"XP-21865"
532,"GM-14695"
270,"BT-11305"
570,"AH-10075"
396,"MD-17350"
74,"TS-21430"
379,"MO-17500"
229,"SJ-20125"
566,"CS-12175"
471,"JE-15745"
31,"SZ-20035"
258,"DL-13315"
496,"DM-12955"
9,"KM-16375"
405,"FA-14230"
27,"LW-16990"
142,"LE-16810"
444,"SC-20680"
473,"JF-15415"
67,"TS-21160"
258,"TG-21310"
270,"HR-14830"
618,"CJ-12010"
295,"KW-16435"
595,"EP-13915"
132,"AG-10765"
463,"RK-19300"
444,"CS-11845"
224,"EH-13765"
450,"PJ-18835"
362,"DK-12835"
145,"JD-16150"
60,"FG-14260"
125,"MH-18115"
179,"ML-17755"
228,"JE-15715"
177,"JW-15220"
411,"MC-18130"
621,"EH-14185"
60,"BE-11335"
1,"RB-19465"
347,"SC-20800"
418,"JH-15430"
356,"JD-15790"
532,"JS-16030"
207,"MC-17590"
256,"SV-20365"
488,"SM-20950"
420,"MD-17860"
434,"FA-14230"
390,"JG-15115"
36,"PA-19060"
209,"PV-18985"
495,"ME-17320"
51,"AB-10255"
420,"SP-20620"
532,"TR-21325"
315,"CM-12235"
405,"GT-14755"
560,"HA-14905"
158,"TB-21355"
367,"DL-13495"
618,"NB-18655"
582,"BF-11020"
488,"Dp-13240"
258,"AS-10090"
329,"SE-20110"
412,"TS-21340"
618,"SH-19975"
618,"KT-16465"
297,"CS-11950"
506,"TD-20995"
270,"CM-12715"
618,"EH-14005"
27,"RP-19270"
420,"CS-12400"
143,"SV-20785"
221,"PS-18760"
224,"SG-20605"
331,"KT-16480"
451,"JB-16045"
82,"GH-14425"
380,"MG-17680"
175,"JR-15670"
396,"CS-12505"
254,"SH-19975"
288,"AH-10210"
297,"HW-14935"
270,"RB-19465"
256,"DW-13585"
410,"SO-20335"
270,"YS-21880"
6,"CS-12175"
265,"SF-20200"
519,"CH-12070"
471,"DM-13015"
165,"DE-13255"
354,"MA-17560"
259,"AS-10630"
99,"EB-13705"
171,"SW-20245"
27,"CB-12025"
545,"AS-10045"
495,"DS-13180"
508,"MC-17575"
228,"RB-19795"
538,"HG-15025"
508,"KD-16495"
145,"EA-14035"
322,"SC-20050"
220,"EJ-14155"
515,"AR-10540"
258,"TA-21385"
281,"AG-10525"
561,"GM-14500"
501,"LS-16975"
623,"SZ-20035"
408,"EH-13990"
560,"CM-12115"
280,"GA-14725"
116,"EH-14125"
60,"PW-19030"
38,"SJ-20125"
618,"PO-18850"
478,"KS-16300"
276,"SF-20065"
347,"TC-20980"
60,"TB-21355"
412,"PO-18865"
172,"JD-15895"
545,"KM-16375"
142,"AS-10240"
581,"LH-17020"
508,"HG-14845"
75,"BD-11500"
557,"SC-20050"
511,"MT-17815"
479,"BD-11320"
330,"EH-14005"
385,"ML-18040"
295,"LA-16780"
354,"RD-19480"
606,"IL-15100"
463,"DJ-13510"
508,"MF-18250"
210,"RB-19360"
362,"JO-15550"
31,"KM-16225"
582,"JC-15340"
606,"TB-21595"
244,"MM-17260"
353,"RH-19555"
613,"PP-18955"
591,"KN-16450"
182,"KD-16345"
575,"RD-19720"
213,"LT-17110"
258,"EH-14185"
279,"DP-13000"
31,"NG-18355"
625,"RP-19855"
271,"PB-19150"
570,"AM-10705"
16,"SC-20260"
501,"SM-20950"
532,"CL-11890"
463,"KB-16240"
258,"JJ-15445"
60,"HR-14830"
223,"MF-17665"
495,"TS-21160"
60,"NF-18595"
375,"PB-19150"
359,"BD-11320"
295,"AS-10045"
199,"SC-20800"
486,"AR-10540"
532,"TS-21610"
36,"KN-16450"
618,"DJ-13420"
508,"AI-10855"
396,"BM-11650"
508,"HA-14920"
506,"RB-19705"
104,"SP-20620"
262,"TH-21115"
52,"EB-13870"
33,"ML-17395"
515,"JJ-15445"
109,"NP-18670"
515,"MC-18130"
462,"BC-11125"
618,"DB-13210"
75,"CV-12295"
575,"DP-13000"
380,"TS-21370"
465,"BW-11110"
375,"BF-11275"
60,"SC-20260"
414,"IM-15070"
496,"KL-16555"
432,"JG-15310"
515,"FH-14365"
286,"LP-17095"
456,"JW-15955"
560,"AH-10690"
463,"MH-17455"
575,"EP-13915"
575,"DD-13570"
495,"MH-18115"
110,"BH-11710"
258,"PF-19165"
400,"FM-14380"
618,"SG-20605"
580,"MP-18175"
403,"MM-17920"
57,"CV-12295"
228,"BF-10975"
445,"RK-19300"
17,"EB-13930"
36,"DB-12910"
60,"TN-21040"
424,"RD-19480"
225,"JJ-15445"
515,"AM-10705"
326,"EM-14200"
244,"JL-15130"
410,"BT-11680"
452,"DM-13345"
293,"PF-19225"
560,"TC-21535"
606,"RB-19570"
256,"BS-11590"
258,"JM-15535"
384,"SS-20590"
568,"MC-17575"
622,"AW-10840"
214,"AH-10690"
374,"CS-12355"
134,"NF-18385"
403,"AI-10855"
5,"HK-14890"
145,"RD-19585"
508,"KN-16390"
367,"JA-15970"
424,"JW-15955"
463,"CM-12715"
490,"AT-10435"
565,"AB-10165"
532,"FM-14290"
321,"JH-15985"
560,"JF-15565"
483,"SO-20335"
444,"CS-12130"
293,"RB-19645"
490,"CS-11950"
118,"PM-19135"
170,"DM-13015"
175,"RC-19825"
412,"GA-14725"
183,"TH-21100"
72,"CT-11995"
476,"JP-16135"
251,"JE-15715"
354,"CC-12145"
27,"TS-21160"
347,"CM-12655"
524,"SC-20305"
17,"SA-20830"
75,"DK-13225"
591,"DB-13555"
490,"SC-20725"
275,"NC-18340"
105,"AG-10900"
532,"SH-20395"
463,"SV-20365"
218,"KM-16225"
170,"DS-13180"
532,"NK-18490"
354,"ND-18370"
130,"TM-21010"
545,"MG-17875"
444,"JK-15640"
380,"JB-15400"
532,"BW-11200"
469,"EH-14125"
575,"CS-11950"
267,"PO-19195"
513,"ND-18460"
412,"ZD-21925"
31,"MM-17920"
60,"TB-21280"
345,"GK-14620"
373,"CS-12355"
215,"AP-10915"
209,"BM-11650"
447,"AM-10705"
211,"SS-20875"
575,"DR-12940"
218,"KN-16450"
463,"SC-20305"
229,"HM-14860"
580,"KB-16585"
444,"SZ-20035"
61,"AH-10195"
444,"MS-17770"
38,"JK-15730"
560,"MM-18280"
371,"SS-20410"
515,"BD-11320"
256,"AR-10825"
515,"AH-10030"
266,"BE-11410"
560,"TB-21250"
27,"JL-15175"
575,"CM-12385"
618,"HF-14995"
618,"MS-17770"
244,"KN-16705"
213,"CM-12235"
610,"SF-20200"
376,"JC-15385"
74,"JK-16120"
209,"MP-18175"
424,"DV-13465"
228,"JM-15250"
183,"AF-10885"
200,"GT-14710"
582,"RP-19855"
31,"MV-17485"
456,"RE-19450"
539,"MG-17890"
220,"BM-11650"
193,"JP-15460"
63,"AJ-10780"
510,"NP-18685"
441,"TB-21595"
74,"BS-11665"
444,"DK-13375"
606,"BS-11590"
396,"SZ-20035"
229,"RD-19930"
424,"CW-11905"
320,"CM-11935"
82,"ES-14080"
463,"AW-10840"
459,"MP-17965"
533,"SP-20650"
27,"DJ-13510"
561,"XP-21865"
264,"EJ-14155"
131,"CA-12265"
265,"MV-17485"
611,"CC-12220"
560,"NP-18700"
50,"DB-13120"
544,"SC-20380"
575,"EK-13795"
177,"YS-21880"
347,"JG-15160"
223,"ML-17410"
169,"TB-21190"
515,"MA-17995"
133,"MZ-17515"
471,"GH-14410"
532,"JF-15490"
560,"MA-17560"
60,"KD-16345"
17,"PG-18895"
428,"ND-18460"
591,"MG-18145"
380,"HM-14860"
21,"CA-11965"
380,"SM-20320"
160,"GH-14410"
362,"IM-15055"
438,"NR-18550"
508,"ON-18715"
412,"CA-12055"
264,"GM-14455"
258,"DK-13225"
256,"NZ-18565"
547,"HF-14995"
532,"ML-17395"
510,"ST-20530"
60,"MN-17935"
287,"DB-13120"
420,"QJ-19255"
50,"CS-12400"
49,"TM-21490"
206,"JB-16045"
452,"TT-21070"
511,"CM-12655"
270,"RP-19855"
11,"SC-20845"
359,"RB-19330"
349,"SG-20605"
441,"MH-17785"
434,"RF-19345"
490,"DB-12970"
405,"TG-21640"
560,"LM-17065"
103,"SH-19975"
111,"ZC-21910"
480,"BT-11305"
31,"MG-17875"
532,"SC-20725"
354,"DB-13660"
532,"SZ-20035"
431,"KT-16480"
229,"CG-12520"
205,"KB-16600"
435,"MC-18130"
100,"EA-14035"
420,"EA-14035"
408,"LC-16930"
593,"JF-15565"
412,"PP-18955"
506,"NW-18400"
261,"SF-20965"
258,"SZ-20035"
232,"DL-13330"
170,"VB-21745"
566,"TT-21070"
218,"JM-15250"
357,"GM-14500"
477,"SG-20080"
606,"NC-18625"
479,"DM-13015"
508,"EP-13915"
224,"MY-17380"
459,"SS-20140"
532,"SS-20590"
551,"SW-20245"
471,"SV-20365"
463,"SC-20020"
214,"LA-16780"
277,"RH-19600"
491,"CM-12715"
601,"DL-13495"
207,"RD-19585"
444,"NP-18700"
452,"SW-20455"
173,"SC-20440"
3,"SC-20020"
292,"AB-10060"
380,"JE-15715"
92,"RF-19345"
533,"MB-17305"
540,"DB-13060"
420,"AG-10900"
532,"BD-11620"
580,"DW-13195"
87,"ON-18715"
411,"YS-21880"
560,"JD-15895"
293,"JC-15775"
50,"TG-21640"
160,"TH-21235"
220,"KC-16540"
560,"CG-12040"
299,"ON-18715"
568,"CV-12805"
546,"JE-15745"
31,"AG-10270"
421,"SR-20425"
258,"BM-11575"
394,"RP-19390"
494,"AS-10240"
309,"SC-20095"
290,"DB-13060"
289,"BP-11185"
220,"CD-12790"
210,"JH-15910"
412,"LR-16915"
380,"JE-15610"
213,"CK-12595"
155,"CL-12565"
258,"RP-19390"
75,"MS-17365"
175,"ER-13855"
60,"MT-17815"
36,"JK-15325"
31,"CD-11980"
193,"TC-21145"
420,"TP-21130"
297,"EB-14170"
332,"EH-13945"
490,"HR-14770"
56,"CS-12505"
180,"JK-15730"
437,"MP-17965"
263,"VM-21835"
311,"CK-12205"
489,"DC-12850"
27,"DB-13615"
558,"NZ-18565"
221,"MN-17935"
256,"AH-10075"
515,"SC-20230"
354,"GM-14455"
175,"EH-14125"
560,"SC-20725"
28,"LC-16930"
591,"MK-18160"
300,"JE-15745"
591,"PT-19090"
266,"JS-15940"
354,"RA-19915"
387,"ON-18715"
28,"XP-21865"
258,"RB-19705"
466,"ST-20530"
224,"PT-19090"
582,"CC-12475"
157,"GH-14410"
359,"EB-13870"
382,"MC-17845"
74,"JW-15220"
582,"RD-19930"
463,"JO-15145"
292,"GM-14455"
479,"IG-15085"
342,"VM-21685"
296,"KN-16705"
258,"TB-21625"
145,"PG-18895"
412,"KT-16480"
420,"CB-12025"
71,"NM-18445"
513,"RS-19765"
359,"AR-10345"
218,"CM-12160"
347,"TB-21175"
22,"FG-14260"
606,"RA-19915"
183,"NZ-18565"
582,"SC-20440"
28,"Dl-13600"
412,"DB-13660"
36,"AH-10210"
134,"KH-16330"
422,"GH-14410"
320,"JM-15250"
258,"JL-15235"
420,"SB-20290"
606,"CC-12100"
376,"SB-20185"
320,"RD-19810"
580,"JA-15970"
267,"TP-21130"
532,"JL-15850"
347,"HG-14845"
31,"DN-13690"
31,"PO-19180"
31,"RM-19750"
438,"HG-15025"
27,"GZ-14470"
36,"HG-14845"
282,"MM-17260"
28,"BF-11005"
591,"ND-18460"
380,"EH-13945"
170,"EB-13870"
410,"JK-16120"
470,"HG-14965"
479,"HG-14965"
482,"JH-15985"
582,"KM-16660"
270,"AB-10015"
586,"GG-14650"
347,"EH-13990"
324,"SW-20455"
31,"CS-11860"
287,"ME-18010"
170,"BB-10990"
466,"JC-15775"
606,"BF-10975"
471,"BW-11110"
219,"FM-14290"
213,"IG-15085"
463,"JD-16150"
461,"Co-12640"
71,"BE-11410"
196,"CD-11920"
528,"PW-19240"
588,"BB-10990"
362,"RB-19435"
256,"NS-18640"
420,"SM-20950"
574,"DK-12895"
615,"DB-13555"
618,"AH-10465"
586,"AB-10105"
93,"IL-15100"
613,"JR-16210"
515,"DV-13465"
560,"CC-12220"
444,"SJ-20125"
50,"AS-10240"
506,"JF-15490"
27,"AS-10630"
60,"JB-15400"
131,"TP-21130"
183,"VP-21760"
479,"TC-21295"
420,"PB-19210"
22,"AH-10120"
140,"CY-12745"
111,"TB-21250"
228,"NF-18385"
75,"AS-10090"
258,"RW-19630"
387,"KB-16585"
290,"SJ-20215"
27,"LH-16900"
490,"JS-15595"
228,"HK-14890"
499,"TC-21475"
575,"MA-17560"
27,"SC-20680"
21,"DB-13360"
572,"SS-20410"
582,"VW-21775"
231,"ME-17320"
324,"ML-17755"
490,"LR-16915"
1,"KM-16720"
262,"KM-16375"
159,"DW-13195"
479,"XP-21865"
412,"CS-12505"
218,"LA-16780"
613,"HA-14905"
354,"ED-13885"
403,"KD-16495"
420,"WB-21850"
60,"KW-16435"
532,"BP-11095"
61,"OT-18730"
463,"FM-14215"
352,"KD-16495"
326,"VG-21805"
349,"SM-20320"
603,"DA-13450"
49,"CC-12145"
380,"RA-19885"
618,"TS-21205"
60,"AB-10255"
287,"JK-15205"
157,"FO-14305"
60,"CA-12055"
594,"MG-17890"
582,"JC-15775"
411,"SS-20515"
297,"MH-18025"
145,"KE-16420"
626,"SV-20935"
549,"JG-15115"
431,"FA-14230"
508,"CV-12805"
532,"LD-17005"
618,"AC-10660"
189,"NW-18400"
444,"Dl-13600"
312,"KH-16330"
258,"RA-19285"
574,"NF-18475"
27,"DL-13495"
186,"TS-21160"
420,"CJ-12010"
560,"BD-11770"
560,"JM-15265"
380,"EB-13975"
463,"MH-17290"
17,"EB-13840"
560,"HW-14935"
428,"FW-14395"
515,"DP-13000"
580,"ML-17755"
204,"TM-21010"
347,"SD-20485"
320,"MC-17575"
471,"RD-19810"
515,"TB-21625"
49,"TS-21430"
452,"LW-17215"
5,"OT-18730"
618,"DN-13690"
5,"MV-18190"
420,"CB-12415"
532,"DN-13690"
256,"SV-20935"
157,"TH-21100"
575,"SH-19975"
359,"TS-21610"
425,"RC-19825"
354,"JD-16060"
18,"CP-12085"
137,"GM-14500"
347,"IL-15100"
444,"CD-12280"
412,"YS-21880"
258,"ST-20530"
31,"EH-13765"
508,"JL-15835"
552,"BD-11320"
259,"SS-20515"
142,"CA-12265"
295,"AR-10345"
220,"FP-14320"
183,"SH-20395"
424,"DL-12925"
52,"DK-12895"
267,"VS-21820"
223,"EM-14095"
508,"EH-14185"
431,"LS-16945"
176,"BP-11185"
580,"ES-14080"
322,"DB-12910"
82,"CP-12085"
142,"AH-10690"
481,"NH-18610"
568,"YC-21895"
463,"MJ-17740"
191,"MC-17605"
560,"GM-14680"
258,"DB-12970"
289,"SH-19975"
274,"AT-10435"
566,"ZD-21925"
612,"GG-14650"
152,"DC-13285"
494,"KN-16450"
606,"SZ-20035"
346,"NB-18655"
496,"MS-17530"
410,"DB-12910"
175,"IM-15070"
532,"GW-14605"
541,"DD-13570"
27,"MM-17920"
499,"KN-16705"
427,"KH-16630"
626,"BF-11215"
223,"RF-19345"
139,"KL-16645"
72,"SP-20860"
31,"GM-14680"
274,"TB-21055"
575,"RC-19825"
60,"JP-15460"
611,"DW-13585"
526,"CP-12340"
82,"DB-13615"
256,"JK-15730"
396,"MJ-17740"
60,"BD-11635"
420,"PP-18955"
34,"MH-17455"
527,"CW-11905"
218,"JM-15580"
187,"LC-17050"
575,"ZC-21910"
560,"CD-11920"
270,"SS-20140"
290,"SO-20335"
421,"DP-13390"
258,"AP-10720"
552,"DL-12925"
134,"NG-18355"
552,"BF-11215"
223,"PB-19150"
515,"BF-11005"
289,"GH-14485"
332,"SE-20110"
418,"BS-11755"
224,"KH-16360"
484,"PK-19075"
303,"MD-17860"
367,"PM-19135"
354,"KM-16720"
552,"JD-16150"
258,"EB-14110"
593,"AB-10165"
426,"CL-12700"
79,"TH-21550"
618,"EH-13765"
123,"DL-12865"
380,"KB-16240"
499,"AP-10915"
618,"AS-10225"
221,"CM-11815"
27,"AS-10045"
360,"MA-17995"
288,"MB-17305"
229,"RA-19945"
396,"MH-18115"
506,"ND-18370"
214,"DW-13480"
420,"PB-19150"
125,"KD-16495"
229,"NB-18655"
300,"KD-16495"
270,"LC-17140"
258,"JF-15190"
246,"LW-17125"
17,"JD-15895"
347,"SC-20695"
532,"PG-18895"
400,"TC-21475"
498,"ON-18715"
606,"ML-17410"
582,"BS-11755"
532,"AA-10315"
582,"JM-15655"
320,"DW-13585"
27,"MP-18175"
560,"DM-13345"
575,"PS-18970"
224,"JH-15910"
197,"JS-15940"
35,"LM-17065"
426,"GB-14530"
270,"RD-19660"
359,"PO-18850"
276,"JL-15130"
380,"GG-14650"
293,"SG-20470"
141,"MM-18280"
258,"KE-16420"
242,"JL-15505"
60,"SG-20605"
171,"TB-21055"
191,"JE-15610"
380,"JD-15790"
354,"KH-16510"
300,"RF-19735"
27,"DC-13285"
258,"AR-10405"
354,"TT-21460"
617,"GH-14410"
484,"AJ-10795"
560,"JK-15625"
463,"JB-16000"
320,"CC-12370"
74,"PG-18820"
373,"AP-10720"
560,"FG-14260"
87,"TH-21550"
510,"AC-10660"
444,"Co-12640"
98,"BT-11395"
495,"AR-10570"
452,"SH-20395"
562,"MC-17590"
495,"RM-19375"
94,"NC-18415"
568,"RB-19465"
560,"RH-19495"
145,"ML-17395"
582,"CC-12220"
218,"AJ-10780"
490,"SC-20050"
618,"LD-17005"
444,"RW-19630"
508,"JC-15340"
31,"SP-20620"
560,"JF-15415"
63,"KD-16615"
588,"LF-17185"
359,"RB-19465"
444,"DW-13540"
125,"SP-20650"
297,"DN-13690"
17,"MA-17995"
82,"HP-14815"
292,"HP-14815"
515,"RB-19435"
79,"JB-16000"
60,"EM-14065"
546,"DL-12925"
515,"GB-14530"
22,"EH-14125"
463,"DS-13180"
43,"MC-17590"
256,"DO-13435"
438,"NM-18520"
129,"PO-18865"
564,"BP-11050"
490,"EB-14110"
353,"RB-19465"
444,"NC-18535"
75,"DL-13315"
224,"HA-14920"
463,"JW-16075"
511,"KD-16495"
163,"SG-20890"
532,"GH-14410"
618,"AH-10030"
74,"LT-17110"
348,"KB-16240"
286,"KN-16450"
218,"HF-14995"
68,"RS-19870"
49,"AB-10015"
618,"KW-16570"
229,"AH-10120"
411,"KB-16315"
412,"DO-13645"
601,"ND-18460"
495,"TP-21130"
447,"AG-10675"
624,"LW-16990"
468,"JE-15745"
496,"LT-16765"
523,"BN-11470"
591,"HR-14770"
586,"LT-17110"
582,"MH-17455"
431,"DV-13465"
424,"SP-20620"
111,"AH-10120"
407,"JM-16195"
367,"BD-11320"
613,"CY-12745"
133,"CL-12565"
392,"AB-10165"
228,"PS-19045"
396,"DM-13015"
465,"BP-11230"
471,"CG-12520"
426,"ME-17725"
276,"LC-16885"
412,"CB-12415"
560,"LW-16825"
75,"JK-16120"
270,"TB-21250"
466,"KC-16255"
41,"JP-15520"
500,"JO-15145"
201,"ME-18010"
63,"SM-20005"
22,"BF-11020"
297,"GW-14605"
411,"JL-15235"
296,"MS-17710"
560,"TA-21385"
500,"MK-17905"
256,"RF-19840"
50,"PR-18880"
575,"SJ-20125"
495,"RF-19840"
123,"KL-16555"
621,"AH-10465"
600,"CT-11995"
169,"KL-16555"
490,"WB-21850"
591,"MK-17905"
408,"BF-11170"
629,"JC-15340"
75,"LE-16810"
60,"MO-17800"
515,"LS-16945"
37,"DB-13360"
295,"RB-19330"
532,"PF-19225"
270,"IM-15070"
74,"IM-15070"
613,"MP-18175"
38,"MC-17425"
621,"TC-20980"
412,"KD-16495"
437,"BF-11170"
552,"DV-13465"
157,"KT-16465"
437,"FG-14260"
258,"AH-10030"
538,"EG-13900"
514,"HG-15025"
533,"AT-10435"
458,"MP-17965"
418,"KB-16315"
317,"EB-13870"
500,"JE-16165"
403,"CC-12220"
125,"HP-14815"
586,"PF-19165"
173,"BD-11605"
281,"LC-16885"
145,"SS-20410"
145,"AZ-10750"
60,"AC-10615"
145,"KH-16690"
223,"MS-17365"
583,"SN-20560"
183,"CS-12490"
403,"TT-21070"
574,"DF-13135"
349,"RW-19690"
418,"SW-20350"
37,"Dp-13240"
297,"MZ-17515"
145,"FP-14320"
74,"BG-11740"
374,"AH-10690"
390,"AB-10600"
224,"KB-16600"
345,"GZ-14470"
412,"SM-20950"
289,"DB-13660"
591,"HJ-14875"
284,"JF-15415"
464,"SJ-20215"
12,"LC-16885"
301,"DO-13645"
293,"DL-13315"
291,"JM-16195"
548,"GZ-14470"
258,"BW-11065"
359,"QJ-19255"
564,"EH-13945"
270,"BV-11245"
134,"DM-13345"
495,"TC-21475"
300,"EB-14110"
60,"TB-21520"
341,"EM-13825"
399,"DW-13585"
411,"BH-11710"
220,"CC-12475"
420,"TH-21235"
582,"JG-15310"
380,"EH-13765"
580,"SE-20110"
396,"HG-14965"
136,"MC-17590"
432,"BC-11125"
314,"SW-20275"
155,"GB-14575"
463,"AG-10495"
456,"PF-19165"
582,"FA-14230"
523,"RW-19540"
456,"NP-18325"
270,"AS-10630"
351,"AR-10405"
44,"EM-14065"
42,"MY-18295"
440,"RS-19765"
5,"SR-20425"
284,"BB-11545"
60,"SM-20005"
258,"RF-19840"
593,"JG-15805"
491,"FP-14320"
467,"JE-15745"
420,"MS-17980"
60,"DB-13360"
532,"CM-12160"
415,"MP-17470"
170,"MO-17800"
5,"AG-10495"
145,"MC-17845"
124,"JL-15235"
524,"AC-10615"
618,"SW-20455"
380,"XP-21865"
297,"CS-12400"
145,"ME-17320"
213,"DJ-13510"
37,"CP-12340"
444,"KB-16405"
463,"DB-13210"
560,"KD-16615"
164,"MP-17470"
27,"AW-10930"
417,"SW-20245"
511,"SN-20710"
155,"PN-18775"
220,"TH-21100"
38,"DB-12970"
437,"AR-10345"
444,"LL-16840"
247,"CR-12820"
17,"AG-10900"
74,"OT-18730"
396,"JL-15130"
412,"SW-20245"
490,"SV-20785"
354,"RM-19375"
372,"CM-12160"
582,"AM-10360"
547,"DD-13570"
214,"HW-14935"
463,"FC-14335"
616,"SF-20965"
463,"JH-16180"
327,"KE-16420"
27,"LS-16945"
508,"CG-12040"
359,"EH-14005"
27,"LS-17245"
374,"SV-20785"
385,"SF-20965"
359,"SD-20485"
60,"KD-16495"
165,"RD-19585"
256,"CC-12610"
597,"GZ-14545"
560,"BF-11080"
179,"PW-19030"
511,"SU-20665"
75,"JK-15730"
223,"CM-12235"
618,"MM-17920"
170,"KE-16420"
256,"JS-15595"
506,"EM-13960"
258,"ND-18370"
560,"EM-14065"
170,"KH-16630"
359,"MA-17560"
591,"ND-18370"
502,"AH-10690"
516,"MH-17290"
295,"JB-15925"
618,"JH-15985"
75,"EB-13930"
145,"PS-18760"
582,"JP-16135"
297,"BM-11785"
347,"KC-16540"
270,"SF-20200"
420,"CM-12190"
532,"BE-11335"
224,"KL-16645"
631,"EB-13930"
531,"CA-12265"
218,"MS-17830"
435,"RM-19675"
368,"PC-18745"
166,"SV-20785"
346,"DB-13210"
170,"BM-11140"
223,"TS-21610"
76,"TN-21040"
31,"TD-20995"
452,"AC-10615"
491,"CW-11905"
442,"BD-11605"
335,"AM-10705"
145,"JF-15190"
38,"MV-18190"
367,"SC-20695"
459,"CA-11965"
413,"AG-10390"
214,"BW-11110"
347,"AT-10735"
142,"MM-17920"
50,"LC-16960"
412,"RB-19465"
170,"JC-15775"
17,"AG-10525"
297,"PB-19150"
270,"CC-12145"
450,"FM-14290"
136,"KB-16600"
31,"MH-17455"
387,"PS-18970"
346,"SN-20560"
618,"DK-13225"
155,"RF-19735"
224,"JB-15400"
471,"RA-19285"
583,"DC-12850"
575,"RL-19615"
615,"BB-11545"
60,"PG-18820"
293,"CM-12385"
390,"LS-17245"
145,"KB-16315"
282,"PW-19240"
27,"HA-14920"
218,"JF-15355"
75,"MO-17800"
74,"RB-19435"
567,"DK-13225"
424,"PJ-19015"
270,"GM-14500"
618,"LS-16975"
60,"CR-12730"
125,"MG-17650"
145,"TC-21535"
16,"MZ-17515"
281,"AJ-10795"
420,"AD-10180"
258,"JD-15895"
205,"LA-16780"
519,"RM-19375"
331,"SD-20485"
411,"HK-14890"
236,"SS-20410"
479,"GM-14440"
420,"ES-14080"
560,"RB-19465"
391,"JO-15145"
444,"AH-10585"
629,"DB-13360"
362,"LC-16885"
224,"MM-18055"
60,"BN-11515"
220,"TD-20995"
521,"RD-19480"
220,"RA-19285"
406,"RD-19660"
224,"JJ-15445"
395,"TS-21610"
166,"PJ-19015"
172,"JD-15790"
420,"EH-13765"
258,"RR-19525"
511,"SW-20275"
591,"SL-20155"
308,"GZ-14470"
203,"LL-16840"
107,"DO-13645"
146,"NH-18610"
575,"NS-18640"
399,"ZC-21910"
258,"KM-16720"
140,"BS-11590"
560,"AJ-10795"
582,"YC-21895"
333,"AF-10870"
506,"DJ-13630"
424,"GT-14635"
532,"AI-10855"
231,"BM-11140"
426,"FM-14380"
568,"DK-12835"
380,"LC-16885"
380,"AY-10555"
177,"AS-10225"
412,"AI-10855"
293,"AH-10075"
74,"SW-20275"
359,"AW-10930"
375,"SC-20575"
210,"AG-10390"
508,"RS-19870"
204,"RE-19450"
575,"RD-19810"
142,"QJ-19255"
532,"PJ-18835"
220,"RD-19900"
551,"AT-10735"
366,"LM-17065"
508,"DL-13495"
17,"CB-12025"
609,"RA-19285"
60,"AZ-10750"
444,"AB-10060"
354,"AG-10330"
138,"JH-15910"
27,"MS-17365"
532,"TS-21505"
463,"AS-10240"
511,"NF-18385"
338,"SF-20065"
147,"SP-20650"
532,"RD-19720"
353,"LB-16735"
508,"RA-19285"
22,"RR-19315"
508,"JB-16045"
297,"MC-18130"
174,"BD-11500"
501,"JO-15550"
31,"CM-12115"
31,"JL-15835"
292,"LO-17170"
566,"KB-16240"
145,"CM-12115"
482,"DL-13330"
459,"CP-12340"
595,"ES-14080"
412,"HG-14965"
538,"GM-14500"
442,"DR-12880"
619,"TS-21205"
439,"KA-16525"
347,"SN-20710"
618,"SN-20560"
36,"MO-17950"
496,"LP-17095"
374,"NH-18610"
618,"VP-21760"
378,"MM-18280"
530,"NS-18640"
270,"HM-14860"
287,"SS-20875"
380,"GT-14755"
480,"EM-14140"
347,"EH-13945"
475,"TC-21295"
532,"VW-21775"
560,"GT-14710"
288,"TR-21325"
270,"CS-11845"
468,"MS-17365"
347,"MC-18100"
21,"MG-17650"
315,"HM-14860"
538,"SV-20935"
526,"SV-20815"
142,"KD-16270"
226,"MS-17365"
361,"PP-18955"
496,"TB-21055"
22,"JK-16120"
285,"MH-18115"
174,"SP-20545"
359,"MC-17605"
437,"FM-14380"
506,"DO-13435"
145,"CK-12595"
384,"TB-21625"
207,"CM-12190"
167,"BP-11185"
334,"AS-10285"
258,"EN-13780"
71,"JK-15730"
200,"SP-20620"
552,"AC-10450"
258,"KA-16525"
82,"AB-10600"
36,"AB-10150"
622,"FM-14215"
320,"BF-10975"
354,"ME-17320"
162,"BP-11095"
31,"PK-19075"
405,"DL-12865"
380,"CC-12100"
508,"CC-12370"
378,"CS-12250"
618,"AF-10870"
412,"JE-15745"
300,"SP-20650"
164,"VP-21760"
233,"TC-21295"
270,"JE-15475"
356,"TP-21565"
31,"BC-11125"
469,"MP-18175"
532,"DK-12835"
532,"EM-13810"
224,"KT-16465"
31,"MZ-17515"
297,"JD-16015"
362,"MB-18085"
556,"SO-20335"
354,"KL-16645"
31,"PO-19195"
262,"CK-12595"
209,"TS-21655"
224,"SC-20305"
258,"DH-13075"
246,"SC-20050"
560,"BO-11425"
228,"RH-19555"
442,"DH-13675"
60,"IM-15070"
496,"TB-21520"
490,"RS-19765"
220,"JO-15280"
560,"CC-12430"
411,"KL-16645"
442,"LF-17185"
408,"DM-12955"
55,"MS-17980"
380,"EM-13825"
482,"AG-10675"
245,"RB-19465"
295,"GM-14455"
168,"JK-15205"
241,"LP-17095"
448,"MM-17920"
274,"RS-19420"
306,"AZ-10750"
270,"EB-13750"
145,"LH-17155"
615,"LB-16735"
389,"MG-17680"
297,"CP-12340"
170,"KL-16555"
490,"SP-20620"
132,"BW-11200"
579,"JF-15490"
55,"CP-12085"
519,"KS-16300"
615,"EB-13705"
60,"CR-12580"
145,"DE-13255"
27,"RH-19510"
243,"MC-17425"
31,"AC-10450"
143,"RD-19900"
282,"IL-15100"
22,"KA-16525"
172,"XP-21865"
70,"GG-14650"
347,"BE-11335"
316,"JO-15280"
347,"TS-21340"
412,"RB-19795"
420,"TP-21415"
618,"NM-18445"
145,"TT-21460"
560,"CK-12595"
60,"MS-17980"
60,"KN-16705"
270,"TB-21400"
27,"PW-19240"
618,"BF-11170"
560,"RF-19840"
145,"BP-11050"
262,"DR-12940"
28,"EH-14185"
332,"DB-13060"
506,"RD-19900"
359,"AB-10060"
224,"MY-18295"
591,"SC-20260"
515,"AJ-10780"
472,"EH-13765"
183,"RR-19525"
394,"SC-20380"
265,"DO-13435"
258,"VP-21760"
38,"SB-20290"
288,"DM-12955"
418,"CC-12100"
157,"EM-14140"
276,"RW-19690"
330,"LH-16900"
270,"DK-12895"
591,"RA-19885"
631,"SC-20695"
121,"CK-12205"
618,"VG-21790"
618,"JD-16060"
51,"GA-14725"
575,"CY-12745"
212,"TZ-21580"
582,"BD-11725"
237,"SV-20935"
412,"JS-15685"
354,"EB-13705"
604,"CM-12385"
74,"CM-12190"
142,"BD-11560"
618,"GZ-14470"
322,"PS-18970"
509,"ER-13855"
231,"KN-16390"
27,"AJ-10795"
31,"NM-18445"
289,"SR-20740"
463,"AP-10720"
295,"JF-15355"
423,"JR-15670"
541,"TB-21400"
166,"EJ-14155"
258,"DM-13525"
142,"DK-12835"
613,"ML-17755"
31,"LD-17005"
601,"PC-19000"
547,"RB-19645"
380,"HP-14815"
532,"CS-12175"
297,"RP-19270"
79,"GZ-14470"
347,"TB-21355"
442,"KB-16240"
442,"PJ-19015"
347,"LA-16780"
515,"AR-10825"
145,"FA-14230"
220,"MK-17905"
256,"VP-21760"
137,"MH-18115"
359,"AS-10090"
150,"SJ-20125"
105,"VD-21670"
136,"EN-13780"
519,"DB-13555"
593,"BP-11290"
530,"AB-10255"
618,"NP-18700"
304,"BP-11230"
612,"XP-21865"
146,"KH-16510"
175,"CL-12700"
95,"DJ-13510"
609,"DP-13390"
322,"AB-10105"
55,"AA-10480"
380,"NS-18640"
347,"DP-13000"
380,"TB-21250"
532,"RW-19630"
380,"BT-11530"
574,"PJ-18835"
74,"CS-12250"
618,"SF-20965"
325,"SC-20695"
4,"BB-11545"
229,"JG-15805"
270,"DK-13090"
258,"DG-13300"
618,"NS-18640"
547,"EH-13945"
515,"MA-17560"
125,"BE-11335"
270,"BP-11185"
380,"KT-16465"
224,"RD-19930"
456,"PR-18880"
452,"JF-15355"
409,"KB-16315"
424,"CS-12355"
93,"NM-18445"
27,"TT-21460"
72,"TP-21130"
452,"AJ-10960"
539,"KE-16420"
538,"DV-13465"
618,"BP-11155"
522,"CK-12595"
73,"LW-16825"
335,"JM-15865"
289,"KB-16585"
622,"PN-18775"
508,"AS-10630"
342,"CK-12595"
228,"AG-10330"
125,"MA-17560"
532,"NC-18535"
495,"DB-12910"
259,"AH-10210"
224,"MP-18175"
288,"RB-19360"
618,"BC-11125"
494,"JH-15985"
384,"GB-14575"
132,"BG-11035"
618,"AA-10645"
293,"JC-16105"
227,"LT-17110"
490,"TH-21100"
515,"LS-16975"
224,"SB-20170"
38,"DM-12955"
55,"AS-10090"
157,"MH-17785"
545,"MV-17485"
245,"DR-12880"
582,"CK-12595"
354,"RP-19270"
38,"MH-17440"
21,"DE-13255"
386,"DB-13060"
347,"AB-10105"
420,"SP-20860"
463,"HR-14830"
591,"SM-20320"
75,"TH-21235"
23,"PS-19045"
471,"RO-19780"
244,"SD-20485"
437,"BP-11095"
444,"KB-16600"
359,"DV-13045"
420,"AH-10030"
618,"VF-21715"
60,"QJ-19255"
433,"CK-12205"
138,"PS-18970"
293,"SC-20380"
22,"ZC-21910"
347,"ZC-21910"
258,"EB-13870"
392,"RD-19900"
110,"BG-11695"
119,"RM-19675"
412,"JE-15610"
620,"SH-19975"
560,"EM-14095"
532,"EP-13915"
27,"MT-17815"
212,"JM-15535"
463,"SF-20065"
519,"VS-21820"
170,"PM-19135"
444,"KN-16705"
325,"RD-19480"
31,"JM-15535"
469,"LC-16885"
508,"FH-14275"
471,"KH-16360"
452,"LL-16840"
55,"EA-14035"
21,"JW-15220"
74,"JG-15805"
347,"AG-10495"
297,"DP-13105"
335,"IM-15055"
570,"SC-20575"
245,"BT-11680"
322,"SB-20290"
545,"EB-13750"
591,"PO-18850"
354,"KT-16480"
560,"MM-18055"
270,"EH-13765"
490,"PF-19225"
552,"JC-16105"
293,"JH-15910"
515,"DE-13255"
103,"GK-14620"
193,"CS-12175"
560,"ZC-21910"
508,"HM-14860"
212,"EH-14125"
105,"BP-11185"
412,"GZ-14545"
74,"AG-10900"
136,"CR-12625"
22,"CK-12760"
27,"LP-17080"
270,"FM-14215"
49,"NG-18430"
523,"LW-16825"
256,"JL-15835"
331,"DM-13345"
224,"PO-19180"
224,"SP-20650"
515,"HF-14995"
95,"AR-10540"
452,"RD-19810"
62,"PA-19060"
574,"MK-17905"
533,"MD-17350"
560,"CS-12355"
609,"LO-17170"
22,"MG-17875"
203,"AB-10060"
265,"HJ-14875"
247,"JH-15910"
63,"CC-12670"
31,"NB-18655"
338,"CK-12205"
444,"PW-19030"
532,"PC-18745"
560,"NM-18445"
560,"TS-21610"
465,"JF-15415"
224,"NP-18700"
591,"RC-19960"
354,"ZC-21910"
22,"LP-17095"
288,"EH-14005"
60,"JK-16120"
351,"JS-16030"
258,"JK-15370"
575,"RB-19465"
125,"AR-10540"
270,"JO-15145"
359,"WB-21850"
608,"KA-16525"
256,"MP-17470"
359,"SF-20200"
354,"DA-13450"
300,"NF-18595"
471,"JD-15790"
36,"MS-17980"
367,"BT-11395"
75,"VG-21805"
12,"JF-15295"
298,"TB-21625"
357,"JK-15370"
349,"RP-19855"
575,"KL-16645"
256,"LH-17020"
380,"GH-14410"
452,"RK-19300"
74,"RF-19735"
27,"AJ-10945"
60,"CL-12700"
208,"KH-16630"
207,"LS-17245"
511,"MH-17440"
256,"KN-16390"
386,"SC-20230"
526,"AH-10585"
372,"NC-18535"
50,"JB-15400"
292,"MG-17890"
601,"AJ-10945"
551,"ML-17755"
258,"JL-15850"
258,"SC-20380"
420,"EB-14110"
519,"TG-21310"
461,"GB-14530"
31,"RA-19915"
532,"DK-12985"
270,"AS-10285"
133,"TS-21430"
380,"FP-14320"
258,"SV-20365"
168,"SC-20050"
490,"TT-21265"
79,"MF-17665"
125,"SC-20050"
263,"LC-17050"
138,"AB-10150"
560,"BW-11110"
515,"SC-20095"
346,"DO-13645"
424,"CJ-12010"
424,"TC-20980"
606,"KB-16600"
325,"PA-19060"
540,"LS-17200"
511,"TM-21010"
359,"EH-14185"
615,"PG-18895"
60,"MB-17305"
519,"BF-11170"
391,"JM-16195"
270,"AR-10825"
394,"SK-19990"
582,"BH-11710"
31,"MC-17275"
532,"BD-11500"
582,"KD-16270"
508,"BP-11185"
490,"BF-11170"
31,"EP-13915"
170,"NS-18640"
444,"AH-10210"
256,"MS-17770"
150,"LS-17200"
437,"CT-11995"
347,"DD-13570"
613,"FC-14245"
434,"DK-13090"
456,"CY-12745"
464,"SZ-20035"
412,"CD-12790"
220,"AZ-10750"
148,"PO-18850"
158,"EM-13825"
359,"CL-11890"
326,"TD-20995"
210,"DL-12865"
18,"EM-13960"
582,"AP-10720"
537,"CL-12565"
576,"SC-20575"
394,"SJ-20500"
74,"ML-17395"
210,"LH-17155"
229,"SP-20860"
256,"EC-14050"
558,"DP-13105"
74,"JF-15355"
412,"SP-20860"
553,"JM-15655"
31,"JD-16150"
375,"RA-19945"
14,"AW-10930"
380,"RW-19540"
574,"SN-20710"
354,"DK-12835"
36,"AH-10690"
27,"HG-14965"
27,"MM-18055"
17,"BD-11500"
290,"VP-21760"
355,"HG-14965"
60,"DB-13270"
83,"BE-11455"
81,"RE-19450"
426,"TC-21475"
27,"MH-17620"
193,"VG-21805"
552,"AA-10315"
605,"CM-12235"
471,"VD-21670"
289,"BF-11170"
531,"AS-10225"
518,"FC-14335"
394,"RS-19420"
52,"DK-12835"
560,"MO-17800"
575,"XP-21865"
304,"SC-20680"
491,"EJ-13720"
359,"FM-14290"
457,"AC-10660"
31,"GA-14515"
51,"BE-11455"
490,"AB-10165"
12,"CC-12550"
600,"MD-17860"
420,"ML-17395"
538,"BV-11245"
340,"AR-10405"
104,"EB-14170"
272,"RP-19390"
519,"KT-16465"
36,"RW-19630"
38,"BM-11785"
50,"AC-10450"
471,"MA-17560"
30,"CS-12355"
423,"RD-19720"
591,"JR-15700"
258,"PG-18895"
367,"FM-14380"
210,"MC-17575"
38,"DC-12850"
560,"CC-12475"
526,"DL-12865"
53,"RP-19855"
27,"TM-21490"
224,"GG-14650"
75,"SU-20665"
315,"EA-14035"
615,"TT-21460"
300,"KM-16660"
429,"RH-19510"
600,"KB-16315"
574,"JB-15400"
420,"SC-20770"
585,"NP-18670"
628,"CK-12325"
4,"CA-12775"
155,"JF-15355"
217,"RD-19585"
129,"DK-13375"
230,"LH-17020"
560,"RF-19345"
479,"MG-17890"
343,"ES-14080"
617,"HG-15025"
508,"IM-15070"
606,"VF-21715"
463,"BH-11710"
532,"BD-11605"
18,"NG-18430"
289,"AS-10285"
479,"SW-20455"
146,"ZC-21910"
75,"MK-17905"
31,"CK-12760"
490,"JD-15895"
387,"KN-16390"
85,"NK-18490"
256,"JK-15625"
439,"MC-17590"
560,"CD-12280"
463,"VG-21805"
259,"JW-15955"
258,"CR-12820"
434,"RH-19495"
74,"RD-19480"
287,"RS-19765"
274,"RM-19375"
411,"YC-21895"
591,"JD-15790"
418,"TS-21505"
434,"DB-13405"
444,"ME-17725"
134,"MM-17920"
220,"EJ-13720"
381,"MB-17305"
359,"BS-11665"
444,"RD-19720"
149,"BE-11335"
75,"GH-14410"
471,"LC-17140"
31,"BP-11155"
424,"KM-16720"
260,"JA-15970"
351,"MA-17560"
463,"MH-18115"
49,"AA-10645"
297,"AM-10705"
408,"SH-20635"
354,"DS-13180"
590,"KH-16330"
256,"JF-15490"
458,"ST-20530"
353,"JC-15775"
532,"PK-19075"
152,"DJ-13420"
626,"ML-18040"
456,"LH-17155"
390,"JK-15730"
532,"CS-12505"
534,"CB-12025"
471,"JH-15910"
258,"Dp-13240"
469,"BP-11230"
501,"NF-18475"
496,"CS-11860"
412,"DO-13435"
326,"LW-17125"
50,"CA-12775"
463,"NS-18505"
418,"Dl-13600"
580,"DK-12985"
549,"TG-21310"
256,"HZ-14950"
223,"RP-19390"
145,"MH-17290"
180,"AM-10705"
556,"FH-14365"
27,"KC-16255"
506,"TB-21595"
220,"BS-11800"
408,"FO-14305"
495,"KT-16480"
270,"DO-13435"
582,"JB-15925"
413,"Dp-13240"
160,"NZ-18565"
472,"JK-15730"
418,"CL-12565"
145,"AG-10900"
223,"PS-18970"
359,"EJ-13720"
22,"TT-21460"
375,"HR-14830"
116,"MK-18160"
21,"CP-12085"
413,"AS-10630"
424,"CK-12760"
234,"BM-11650"
295,"EB-14170"
229,"BM-11650"
380,"KD-16345"
49,"EC-14050"
359,"JK-15370"
578,"AP-10915"
230,"LT-16765"
153,"PR-18880"
228,"RS-19765"
463,"GW-14605"
264,"EM-13810"
560,"EC-14050"
426,"ZC-21910"
380,"NL-18310"
218,"NS-18640"
408,"JW-15220"
258,"BF-11215"
27,"KB-16585"
322,"KC-16255"
560,"SK-19990"
410,"SC-20695"
471,"BB-11545"
359,"FM-14215"
21,"ES-14080"
397,"AH-10690"
622,"GM-14500"
523,"DB-13270"
405,"JK-15370"
327,"MP-17965"
463,"EH-14125"
490,"BO-11350"
526,"EB-13870"
582,"HG-15025"
471,"TS-21655"
560,"AT-10735"
31,"ED-13885"
85,"MD-17860"
564,"JG-15160"
204,"GB-14530"
506,"TB-21520"
