"regionid","customerid"
2,"AC-10660"
4,"VS-21820"
2,"CM-12385"
3,"CS-11950"
1,"CS-12400"
1,"KS-16300"
2,"NC-18625"
2,"RH-19495"
4,"MS-17710"
3,"CS-12250"
1,"PH-18790"
4,"CM-12235"
4,"GM-14500"
2,"ND-18460"
4,"DA-13450"
4,"EH-14125"
3,"LW-16825"
3,"NK-18490"
2,"BM-11140"
2,"BD-11770"
2,"NR-18550"
3,"GP-14740"
2,"HA-14920"
1,"AA-10480"
4,"DE-13255"
4,"SE-20110"
3,"JW-15955"
4,"EB-13840"
3,"AB-10255"
2,"CM-11815"
1,"RR-19525"
1,"NW-18400"
3,"CD-12280"
1,"RA-19885"
1,"AA-10645"
2,"PB-19150"
1,"TB-21175"
3,"AC-10420"
3,"JB-15925"
3,"SS-20515"
2,"BM-11650"
4,"AG-10900"
2,"JK-15325"
1,"KH-16630"
2,"BW-11200"
4,"AS-10045"
3,"TM-21490"
3,"LF-17185"
4,"PT-19090"
3,"ND-18460"
2,"MV-17485"
3,"PB-19105"
1,"TS-21205"
4,"AB-10255"
3,"BD-11605"
3,"RS-19765"
2,"NF-18475"
3,"PS-18970"
2,"AA-10645"
4,"MS-17770"
2,"CJ-12010"
2,"JL-15130"
4,"TB-21625"
2,"HA-14905"
2,"PW-19030"
3,"AM-10705"
4,"CC-12430"
3,"PJ-19015"
4,"BD-11320"
1,"MF-17665"
4,"TG-21640"
1,"SR-20425"
1,"JH-15910"
2,"AP-10915"
4,"MP-18175"
4,"DK-12835"
2,"JW-15220"
4,"PB-19105"
2,"MA-17995"
1,"LR-16915"
3,"RF-19345"
2,"JF-15415"
1,"ES-14080"
1,"DJ-13420"
2,"ML-18040"
3,"LT-17110"
4,"CC-12685"
4,"LF-17185"
2,"PS-19045"
2,"CC-12610"
2,"AD-10180"
4,"JA-15970"
4,"BF-11005"
3,"SK-19990"
1,"AG-10765"
3,"SL-20155"
2,"SS-20140"
1,"DL-13315"
3,"CM-12235"
3,"AS-10090"
4,"MS-17365"
4,"AC-10450"
4,"TB-21595"
1,"DP-13390"
2,"SJ-20500"
1,"DB-13405"
4,"SV-20785"
4,"PG-18820"
3,"JP-16135"
3,"RE-19405"
4,"GT-14710"
4,"LP-17095"
2,"RB-19570"
1,"JW-15220"
3,"MC-17590"
1,"MC-17425"
3,"JG-15805"
2,"TW-21025"
1,"BP-11095"
3,"RD-19480"
3,"DB-13555"
1,"TS-21085"
2,"PK-19075"
3,"DK-13150"
4,"AS-10090"
2,"PN-18775"
2,"VM-21685"
3,"FM-14290"
2,"GA-14725"
4,"JR-16210"
1,"DL-12925"
4,"EM-14140"
3,"LS-16975"
1,"MV-18190"
2,"MH-17785"
2,"EM-13810"
4,"VM-21685"
1,"SC-20680"
2,"AH-10120"
2,"CC-12145"
2,"HP-14815"
4,"BD-11770"
2,"GZ-14470"
2,"JH-15910"
4,"ME-17725"
2,"LS-17200"
3,"NS-18505"
3,"LH-17155"
4,"JF-15355"
1,"CM-12235"
3,"GG-14650"
1,"MK-18160"
1,"RD-19810"
2,"AT-10735"
3,"HG-14965"
3,"JK-15325"
1,"CG-12040"
2,"JJ-15445"
3,"EH-14125"
3,"TB-21250"
4,"JM-15250"
4,"JL-15850"
2,"SV-20815"
1,"DM-13345"
3,"JE-15610"
2,"SN-20710"
3,"GH-14410"
2,"TG-21310"
4,"CK-12205"
1,"VB-21745"
3,"MY-18295"
1,"RF-19345"
3,"BS-11365"
1,"MY-18295"
3,"GB-14575"
2,"KN-16390"
4,"JE-16165"
1,"AF-10870"
3,"EH-14185"
1,"CB-12025"
3,"VT-21700"
1,"TH-21550"
2,"AM-10360"
1,"DA-13450"
3,"NF-18595"
4,"CK-12595"
2,"DH-13075"
1,"SG-20470"
1,"NC-18535"
3,"BP-11095"
4,"GG-14650"
3,"MS-17980"
3,"KM-16225"
3,"CA-12055"
4,"AW-10840"
2,"CS-12505"
4,"NG-18430"
2,"JS-15880"
2,"ML-18265"
2,"MD-17350"
2,"LA-16780"
2,"LD-17005"
3,"PG-18895"
2,"FW-14395"
4,"RD-19930"
4,"DL-13315"
2,"BD-11620"
3,"BP-11290"
2,"CB-12415"
4,"AC-10420"
4,"MA-17560"
1,"AG-10525"
2,"LS-16975"
3,"IM-15070"
4,"TS-21370"
1,"BF-11080"
1,"RC-19825"
4,"PB-19210"
2,"AJ-10945"
4,"AA-10375"
3,"NG-18430"
2,"BE-11335"
2,"XP-21865"
3,"BS-11800"
3,"JB-16045"
4,"AA-10645"
4,"DO-13645"
3,"LC-16870"
2,"DS-13180"
3,"HP-14815"
1,"CP-12085"
1,"MV-17485"
2,"DB-13060"
4,"AA-10315"
3,"KB-16315"
4,"RF-19735"
3,"RD-19585"
4,"SS-20875"
2,"SC-20380"
4,"RD-19585"
1,"GD-14590"
4,"PG-18895"
2,"MM-17260"
1,"SC-20050"
2,"MV-18190"
2,"NF-18595"
3,"DM-13345"
1,"HZ-14950"
3,"NG-18355"
2,"BS-11755"
1,"DW-13540"
4,"SS-20410"
4,"RH-19510"
3,"LC-17140"
3,"JW-16075"
1,"BS-11365"
2,"LT-17110"
4,"NS-18640"
4,"BS-11590"
1,"LE-16810"
2,"PS-18970"
3,"PP-18955"
2,"DD-13570"
1,"GT-14635"
2,"MS-17770"
4,"EN-13780"
2,"PF-19225"
4,"AF-10870"
1,"HR-14830"
4,"JB-15925"
4,"KH-16630"
3,"LD-17005"
2,"SS-20590"
3,"BW-11200"
3,"TC-21295"
4,"MB-18085"
1,"TG-21310"
4,"RD-19810"
3,"ML-17395"
2,"PG-18820"
2,"RB-19645"
3,"AG-10390"
2,"RF-19345"
4,"PW-19030"
3,"CA-11965"
2,"JP-16135"
3,"VG-21805"
2,"MS-17530"
3,"CM-12115"
3,"CT-11995"
4,"CL-12565"
4,"DM-12955"
2,"MW-18235"
1,"CC-12610"
2,"DL-13315"
3,"KB-16600"
3,"MC-17575"
3,"NW-18400"
1,"DM-13015"
3,"MS-17365"
3,"JF-15490"
4,"SP-20920"
1,"RL-19615"
1,"TC-21535"
1,"JR-16210"
2,"MP-18175"
2,"BP-11050"
3,"ES-14020"
2,"AG-10300"
3,"BO-11425"
1,"SS-20875"
1,"BG-11035"
1,"JK-15370"
1,"RW-19690"
3,"BK-11260"
3,"EM-14140"
3,"BF-11080"
1,"RH-19600"
2,"MC-17590"
3,"CB-12415"
1,"DS-13180"
1,"FO-14305"
3,"SB-20170"
3,"JH-16180"
3,"PG-18820"
2,"CS-12130"
3,"PC-18745"
4,"GA-14725"
2,"SM-20950"
2,"MG-17650"
3,"TP-21130"
4,"JL-15505"
2,"PC-18745"
3,"BD-11620"
1,"BF-11020"
2,"GA-14515"
1,"CS-12250"
4,"BM-11650"
4,"RB-19360"
1,"JP-16135"
1,"BT-11680"
2,"KL-16645"
4,"RH-19600"
2,"JE-15715"
1,"CY-12745"
3,"GK-14620"
1,"LS-17200"
2,"FG-14260"
3,"CA-12265"
3,"TA-21385"
3,"SJ-20125"
1,"AH-10465"
4,"PO-19180"
2,"DG-13300"
3,"LP-17095"
3,"HM-14980"
2,"RD-19720"
2,"JH-15430"
4,"GA-14515"
2,"AH-10075"
1,"DH-13675"
1,"JK-15625"
2,"GG-14650"
4,"JP-15460"
4,"EB-14170"
4,"EJ-13720"
1,"JH-15985"
2,"RO-19780"
4,"PF-19165"
2,"CA-12055"
2,"AF-10870"
3,"GM-14455"
3,"GA-14515"
2,"Dp-13240"
4,"KW-16435"
3,"JB-16000"
3,"JD-15790"
4,"VG-21805"
4,"TS-21430"
2,"BD-11500"
1,"LC-16885"
2,"TH-21235"
4,"MG-17650"
3,"JF-15355"
4,"CC-12475"
3,"CR-12625"
1,"BW-11110"
2,"BM-11575"
3,"MO-17500"
3,"PO-19180"
4,"AG-10330"
2,"TM-21010"
2,"EM-13825"
3,"JS-16030"
2,"MK-17905"
4,"JF-15565"
4,"MH-17620"
3,"GW-14605"
4,"MG-17695"
3,"BV-11245"
3,"JS-15940"
2,"HM-14980"
1,"SF-20065"
4,"SC-20695"
1,"CH-12070"
4,"NF-18475"
1,"DK-12895"
2,"JL-15235"
1,"MC-17845"
3,"RD-19660"
4,"HA-14920"
1,"JS-15595"
2,"Co-12640"
1,"ML-17395"
4,"MC-17605"
2,"DW-13195"
3,"DO-13645"
3,"GT-14635"
1,"EB-13975"
4,"KM-16375"
4,"RA-19285"
4,"SC-20260"
1,"ZD-21925"
4,"NZ-18565"
3,"MH-17785"
1,"MS-17710"
1,"JK-16090"
4,"TC-20980"
4,"SP-20650"
1,"JL-15235"
4,"AH-10690"
1,"CS-12505"
1,"SP-20650"
3,"DK-13090"
4,"NF-18385"
2,"RD-19900"
3,"JG-15160"
2,"SW-20755"
4,"RM-19375"
3,"AB-10060"
4,"LC-16870"
1,"VW-21775"
3,"DH-13675"
1,"AB-10600"
3,"SC-20380"
1,"AR-10405"
4,"MK-17905"
3,"JG-15310"
3,"MT-17815"
3,"AA-10375"
1,"BV-11245"
4,"CS-11845"
3,"PK-18910"
4,"BP-11050"
4,"CR-12580"
1,"KT-16465"
4,"DF-13135"
1,"CM-12655"
3,"MM-17260"
2,"HR-14770"
3,"GB-14530"
3,"MF-18250"
3,"AY-10555"
1,"PS-19045"
1,"JG-15160"
4,"PO-19195"
4,"JS-15595"
4,"BO-11350"
3,"GM-14500"
3,"SV-20785"
1,"AS-10090"
3,"CJ-12010"
4,"HA-14905"
3,"RH-19495"
3,"SC-20440"
2,"KL-16555"
4,"SS-20590"
3,"JE-15475"
1,"HJ-14875"
3,"NB-18655"
1,"TM-21010"
3,"TP-21415"
1,"ST-20530"
4,"CC-12100"
2,"SS-20875"
2,"RB-19705"
3,"JK-15625"
2,"DF-13135"
2,"SE-20110"
2,"BS-11665"
3,"SC-20095"
4,"EL-13735"
1,"NF-18475"
2,"PS-18760"
1,"DB-13210"
3,"DJ-13630"
3,"SW-20275"
1,"PR-18880"
3,"PO-18850"
3,"IG-15085"
3,"SC-20050"
2,"JF-15190"
2,"RW-19630"
2,"TS-21340"
4,"CV-12295"
3,"BF-10975"
1,"BD-11605"
1,"RB-19795"
3,"TB-21625"
1,"DB-13555"
4,"GM-14455"
3,"CD-11920"
1,"EH-13945"
3,"FC-14335"
2,"FH-14350"
4,"SS-20515"
3,"DN-13690"
2,"DP-13000"
3,"PB-19150"
3,"KB-16405"
2,"TP-21130"
2,"VM-21835"
2,"CY-12745"
4,"PF-19120"
2,"PG-18895"
3,"BS-11380"
3,"MC-17605"
3,"DP-13165"
4,"RA-19915"
2,"KH-16630"
3,"BS-11590"
3,"DE-13255"
1,"TB-21400"
2,"SG-20605"
2,"SC-20770"
3,"VW-21775"
2,"DV-13465"
4,"AG-10525"
1,"AT-10435"
3,"LC-17050"
2,"JM-15265"
2,"CC-12100"
3,"SV-20935"
4,"CK-12760"
3,"LS-17230"
4,"EB-13705"
2,"AW-10930"
3,"CK-12595"
4,"RL-19615"
4,"JO-15550"
4,"DL-13495"
3,"MH-17290"
4,"SN-20560"
2,"JB-16045"
2,"KM-16660"
1,"RA-19915"
4,"TS-21655"
4,"PP-18955"
3,"JE-15715"
1,"RD-19720"
4,"DB-13660"
2,"CV-12805"
1,"BD-11635"
4,"BP-11185"
1,"MM-17920"
3,"MC-17425"
1,"MY-17380"
1,"BD-11500"
4,"FH-14275"
2,"TS-21430"
3,"EB-13870"
4,"BC-11125"
3,"AR-10405"
2,"JC-15385"
4,"LS-17200"
2,"FC-14335"
1,"LO-17170"
1,"RF-19735"
2,"AS-10225"
2,"SC-20680"
2,"SP-20650"
2,"EP-13915"
1,"MC-17275"
2,"LE-16810"
2,"JL-15175"
3,"JC-15775"
1,"ND-18460"
2,"KH-16330"
3,"LS-17245"
3,"NP-18325"
3,"LS-17200"
3,"SS-20410"
4,"FC-14335"
4,"KD-16345"
2,"JE-15610"
2,"SG-20080"
3,"HD-14785"
1,"MS-17530"
3,"JO-15550"
4,"TP-21415"
1,"JS-15685"
1,"NP-18325"
2,"RA-19285"
1,"EA-14035"
1,"JM-15865"
4,"DJ-13420"
2,"MJ-17740"
1,"RA-19285"
2,"BW-11110"
1,"RF-19840"
1,"JS-15880"
3,"ML-17755"
3,"FH-14365"
1,"DO-13435"
4,"TR-21325"
1,"EB-13840"
1,"GB-14575"
4,"CS-12175"
4,"KC-16540"
2,"CK-12760"
4,"ON-18715"
2,"PJ-19015"
2,"RC-19825"
4,"RB-19330"
3,"TB-21175"
1,"PG-18895"
4,"SJ-20215"
2,"KN-16705"
1,"SJ-20125"
1,"CL-12700"
1,"CA-11965"
1,"GH-14410"
4,"BV-11245"
1,"PN-18775"
3,"HZ-14950"
3,"AW-10840"
4,"MZ-17515"
3,"MH-17440"
3,"RM-19675"
2,"LW-16990"
4,"BB-10990"
2,"LC-16870"
2,"KH-16690"
2,"CM-12445"
4,"CR-12625"
1,"BP-11290"
1,"DW-13585"
3,"GZ-14470"
4,"JS-16030"
4,"BG-11695"
3,"DL-13495"
2,"SP-20860"
1,"SG-20605"
1,"NP-18685"
3,"BT-11485"
3,"BB-10990"
1,"JO-15280"
1,"BN-11470"
4,"JP-16135"
2,"GZ-14545"
1,"BG-11740"
4,"AH-10210"
4,"GB-14575"
1,"BM-11785"
1,"LH-16750"
2,"SC-20095"
1,"LW-17125"
3,"VM-21835"
2,"CS-12250"
4,"SB-20170"
3,"BW-11110"
3,"DW-13540"
2,"ML-17410"
2,"SO-20335"
3,"RA-19945"
2,"BT-11440"
2,"JB-15925"
2,"MG-18145"
3,"LM-17065"
2,"NS-18640"
2,"SW-20245"
3,"RS-19420"
4,"ZD-21925"
3,"KD-16615"
4,"AD-10180"
4,"CR-12730"
1,"SW-20275"
2,"ME-17320"
4,"MO-17800"
3,"MG-17680"
4,"DB-12970"
2,"AC-10450"
1,"MH-17455"
4,"GZ-14470"
3,"AJ-10780"
4,"CS-12130"
3,"ST-20530"
4,"RD-19900"
4,"SP-20620"
2,"ER-13855"
4,"LS-17245"
2,"MC-17575"
4,"CM-12385"
4,"ST-20530"
3,"TT-21265"
2,"PF-19165"
3,"MP-18175"
4,"LB-16795"
1,"GK-14620"
1,"NH-18610"
1,"AS-10045"
1,"SH-20395"
1,"CC-12220"
2,"CA-12310"
4,"PW-19240"
1,"DL-13330"
3,"JR-16210"
1,"CK-12325"
4,"LR-17035"
1,"MH-17290"
4,"NC-18415"
1,"JH-15430"
3,"ME-17725"
1,"TS-21655"
4,"NC-18625"
3,"BN-11470"
1,"JR-15700"
3,"CC-12685"
2,"HF-14995"
4,"JF-15415"
2,"JW-15955"
1,"HG-14845"
1,"SC-20575"
3,"RM-19375"
2,"GM-14695"
4,"NH-18610"
3,"DR-12940"
1,"PA-19060"
3,"AP-10720"
4,"BT-11680"
1,"DC-12850"
2,"SC-20260"
2,"GK-14620"
2,"EH-14005"
3,"BP-11230"
3,"DL-13315"
2,"DN-13690"
2,"KB-16585"
4,"RC-19825"
3,"MA-17560"
1,"IM-15070"
4,"DP-13000"
3,"RB-19435"
3,"FH-14275"
3,"BT-11440"
4,"CS-11950"
1,"MP-17965"
4,"WB-21850"
3,"KM-16720"
4,"CB-12415"
4,"VT-21700"
4,"MC-18100"
1,"RM-19375"
2,"DE-13255"
3,"KC-16255"
1,"VG-21790"
3,"BE-11335"
1,"SV-20785"
3,"PM-19135"
3,"JS-15595"
2,"LC-16960"
1,"LS-17245"
4,"MB-17305"
1,"CS-12355"
4,"Dp-13240"
1,"RS-19420"
2,"PC-19000"
1,"AA-10375"
2,"CD-12790"
2,"AS-10285"
3,"EC-14050"
2,"DP-13105"
2,"JC-15340"
3,"AT-10735"
1,"CK-12595"
1,"JF-15190"
4,"MN-17935"
4,"MS-17830"
3,"LA-16780"
4,"PS-18760"
2,"KD-16495"
2,"MC-17275"
4,"SC-20575"
1,"BH-11710"
4,"BT-11440"
4,"CC-12670"
4,"VP-21730"
3,"CW-11905"
1,"JG-15115"
1,"SP-20860"
4,"HF-14995"
4,"LD-17005"
3,"SC-20770"
4,"RA-19945"
2,"JF-15295"
3,"PS-19045"
2,"RP-19855"
1,"FM-14215"
2,"AR-10825"
3,"BF-11020"
4,"EM-14200"
3,"GM-14440"
4,"RD-19720"
4,"CP-12085"
2,"GD-14590"
1,"CS-12460"
2,"RF-19840"
4,"SV-20365"
3,"AR-10510"
4,"RC-19960"
3,"SW-20755"
3,"BD-11320"
2,"PJ-18835"
4,"AB-10600"
1,"SC-20695"
2,"TT-21265"
4,"GB-14530"
1,"DO-13645"
1,"CC-12670"
1,"SM-20320"
3,"ZC-21910"
1,"SS-20410"
2,"FM-14215"
2,"EJ-13720"
1,"ME-17725"
4,"JB-16000"
4,"HJ-14875"
2,"LC-17050"
1,"LB-16795"
1,"KN-16450"
3,"AD-10180"
3,"ML-17410"
3,"OT-18730"
4,"SB-20290"
3,"VB-21745"
3,"HG-15025"
4,"CC-12145"
2,"MT-17815"
1,"LM-17065"
1,"JB-16045"
4,"DR-12880"
4,"DW-13195"
2,"BS-11365"
1,"AC-10450"
2,"JK-15730"
4,"DK-13375"
3,"JF-15415"
2,"MH-17290"
2,"BF-11170"
3,"PB-19210"
4,"SC-20380"
2,"CB-12535"
3,"AR-10345"
4,"KN-16705"
4,"AP-10720"
2,"SH-20395"
4,"ME-18010"
4,"BE-11335"
2,"JD-16150"
1,"AT-10735"
4,"CV-12805"
1,"SV-20365"
4,"SN-20710"
1,"JK-15205"
3,"MK-17905"
3,"SC-20020"
2,"BN-11515"
1,"PP-18955"
2,"BD-11605"
1,"DP-13000"
3,"EN-13780"
2,"LH-17155"
3,"SA-20830"
2,"EB-13750"
1,"NF-18385"
3,"CR-12820"
3,"AG-10900"
2,"MM-17920"
4,"KW-16570"
1,"MH-18115"
3,"CD-12790"
3,"CC-12475"
4,"KB-16600"
2,"CA-12265"
3,"EG-13900"
3,"AC-10450"
4,"JJ-15760"
4,"BM-11575"
2,"KN-16450"
2,"DC-13285"
3,"SR-20425"
2,"NM-18445"
3,"KH-16630"
4,"BF-11020"
2,"LC-17140"
1,"RO-19780"
1,"ZC-21910"
4,"SC-20725"
4,"SG-20080"
1,"CJ-12010"
1,"SC-20095"
4,"LH-16900"
2,"ND-18370"
2,"SP-20920"
2,"JH-15985"
3,"CS-12175"
1,"GA-14515"
3,"PN-18775"
2,"NC-18535"
2,"JK-15370"
4,"AA-10480"
2,"TM-21490"
2,"BF-11215"
2,"SB-20170"
3,"MH-17455"
1,"GH-14425"
4,"BP-11095"
4,"TD-20995"
4,"DN-13690"
2,"AS-10045"
3,"MS-17710"
2,"JC-15775"
3,"MC-17275"
4,"MC-17845"
2,"DK-13090"
3,"JH-15910"
2,"TS-21505"
2,"JH-16180"
3,"SF-20200"
4,"SV-20935"
1,"NR-18550"
3,"BC-11125"
4,"ML-18040"
4,"SM-20320"
3,"JS-15685"
1,"DM-12955"
3,"TD-20995"
4,"DL-12865"
4,"BT-11305"
3,"HR-14770"
3,"KM-16375"
3,"JD-16015"
4,"CM-12160"
2,"EH-14125"
2,"AR-10405"
4,"LB-16735"
1,"DC-13285"
3,"JS-15880"
3,"MY-17380"
4,"SF-20965"
1,"DB-13615"
2,"JR-15670"
3,"FM-14215"
2,"AA-10375"
3,"MS-17830"
2,"AO-10810"
1,"PB-19105"
2,"RA-19885"
3,"FC-14245"
3,"SM-20320"
4,"EP-13915"
3,"MH-18025"
3,"CK-12325"
1,"KM-16660"
4,"SV-20815"
2,"RC-19960"
1,"MN-17935"
1,"SD-20485"
2,"AS-10135"
2,"CS-12400"
1,"AB-10105"
1,"JF-15490"
4,"AR-10405"
4,"MC-17635"
2,"SM-20320"
1,"BP-11185"
4,"FM-14290"
2,"FP-14320"
3,"DB-13360"
2,"ML-17395"
2,"DK-12835"
4,"MF-18250"
4,"MM-18055"
1,"SE-20110"
1,"JF-15565"
1,"JS-16030"
1,"SV-20815"
3,"BB-11545"
4,"CM-12715"
3,"AT-10435"
3,"MC-18130"
4,"JJ-15445"
4,"AS-10285"
4,"DL-12925"
2,"JB-16000"
2,"EH-13765"
2,"SS-20410"
1,"CK-12205"
3,"AJ-10795"
1,"MC-17605"
2,"MZ-17335"
1,"MK-17905"
4,"NW-18400"
4,"ZC-21910"
3,"FH-14350"
2,"JB-15400"
4,"SW-20350"
3,"SZ-20035"
1,"SS-20140"
2,"JS-15685"
2,"CG-12040"
4,"CC-12370"
4,"TB-21520"
2,"SL-20155"
2,"IL-15100"
2,"DR-12940"
1,"RD-19585"
2,"LW-17215"
4,"LC-17050"
2,"EJ-14155"
4,"MH-18025"
3,"SC-20725"
1,"HP-14815"
3,"EB-13705"
4,"JD-16150"
2,"PK-18910"
1,"JF-15355"
4,"AG-10495"
1,"MS-17770"
3,"CV-12805"
3,"HA-14920"
2,"EB-13840"
4,"TM-21010"
2,"SF-20965"
3,"BW-11065"
2,"CM-12715"
3,"ME-18010"
1,"CA-12265"
2,"RB-19795"
2,"TR-21325"
1,"CS-11860"
2,"DB-12910"
2,"LH-16900"
2,"JO-15280"
4,"JK-15730"
4,"AH-10195"
3,"GA-14725"
3,"MV-18190"
3,"AS-10135"
3,"JL-15835"
1,"EM-14065"
2,"DJ-13630"
1,"OT-18730"
2,"OT-18730"
4,"EB-13750"
3,"AG-10270"
2,"BK-11260"
4,"TB-21280"
3,"BM-11785"
3,"TR-21325"
2,"FM-14290"
4,"SJ-20125"
4,"RF-19840"
2,"TH-21100"
1,"JK-16120"
2,"SZ-20035"
1,"HG-15025"
1,"VS-21820"
3,"FW-14395"
4,"SA-20830"
4,"KF-16285"
3,"RH-19510"
3,"JD-16150"
2,"CP-12340"
3,"MZ-17515"
4,"KB-16585"
2,"RP-19270"
3,"AH-10465"
3,"DM-13525"
3,"PF-19120"
2,"JF-15490"
2,"DK-12985"
2,"JM-15580"
4,"DK-13150"
1,"TN-21040"
2,"HM-14860"
3,"SG-20890"
4,"AS-10630"
3,"SC-20575"
1,"SW-20455"
1,"AR-10570"
2,"WB-21850"
2,"LR-16915"
2,"DP-13390"
2,"CD-12280"
4,"JF-15490"
4,"BE-11410"
1,"CP-12340"
4,"SC-20305"
4,"RK-19300"
4,"BG-11035"
3,"DS-13180"
2,"DB-13360"
1,"KH-16360"
2,"PO-18850"
1,"CS-12490"
2,"DS-13030"
2,"GT-14755"
3,"VD-21670"
2,"CS-12175"
1,"CA-12775"
4,"PA-19060"
3,"MN-17935"
1,"DL-12865"
1,"KH-16330"
2,"HR-14830"
1,"CS-11950"
1,"VG-21805"
3,"XP-21865"
2,"ST-20530"
1,"AB-10060"
4,"AR-10540"
1,"LA-16780"
4,"MG-17875"
3,"YC-21895"
2,"AJ-10960"
3,"AC-10660"
1,"BF-10975"
3,"MB-17305"
2,"KC-16255"
2,"SV-20935"
2,"EB-13705"
3,"DB-13060"
2,"MC-18130"
4,"CC-12550"
2,"AB-10015"
3,"YS-21880"
2,"MA-17560"
4,"PO-18865"
4,"NC-18340"
4,"VD-21670"
4,"PK-19075"
1,"DK-13090"
2,"NP-18700"
4,"RW-19690"
3,"RS-19870"
3,"EB-13750"
4,"CA-12055"
2,"BF-11275"
2,"SF-20065"
3,"TB-21055"
4,"LD-16855"
2,"PO-19180"
4,"DS-13180"
4,"KH-16510"
4,"MH-17440"
2,"FA-14230"
3,"NP-18700"
1,"KH-16510"
2,"KC-16675"
2,"TC-21535"
4,"RB-19570"
1,"TH-21100"
1,"ON-18715"
2,"MW-18220"
1,"JW-16075"
2,"SU-20665"
1,"XP-21865"
3,"AG-10765"
3,"GR-14560"
4,"DP-13390"
3,"NM-18445"
3,"SU-20665"
1,"MC-18130"
2,"AR-10510"
4,"JE-15715"
3,"NP-18670"
2,"VP-21760"
4,"HD-14785"
2,"JM-16195"
2,"EB-14110"
2,"DW-13480"
4,"GH-14665"
4,"DR-12940"
3,"SO-20335"
4,"AZ-10750"
4,"SD-20485"
4,"SC-20845"
1,"PW-19030"
4,"Dl-13600"
2,"EK-13795"
2,"BP-11155"
3,"EA-14035"
2,"MH-17455"
1,"CM-11935"
4,"AG-10675"
4,"HG-15025"
2,"MY-17380"
3,"BM-11575"
1,"HF-14995"
2,"LW-16825"
1,"ML-18265"
3,"MP-17470"
4,"AM-10705"
2,"ZC-21910"
3,"DB-13405"
2,"AJ-10780"
1,"DK-12835"
4,"KB-16240"
4,"MH-18115"
2,"GH-14425"
4,"MG-18145"
2,"NL-18310"
2,"SC-20305"
1,"MG-17875"
2,"PV-18985"
1,"EH-14005"
2,"RS-19765"
4,"NM-18445"
3,"LL-16840"
4,"BD-11500"
3,"BS-11665"
1,"KN-16705"
2,"LS-16945"
3,"MR-17545"
2,"CM-12160"
1,"JK-15730"
4,"KA-16525"
1,"LW-16825"
2,"BV-11245"
1,"NC-18415"
4,"LS-17230"
2,"JP-15460"
4,"BF-11170"
4,"SR-20740"
3,"JR-15670"
2,"CL-11890"
1,"SW-20245"
4,"DB-12910"
2,"AG-10330"
3,"TS-21340"
3,"TS-21505"
2,"VG-21790"
2,"JF-15355"
2,"GM-14440"
2,"TT-21460"
3,"TM-21010"
3,"AS-10240"
2,"LH-17020"
3,"DO-13435"
2,"CK-12595"
2,"KE-16420"
2,"LH-16750"
2,"SM-20005"
2,"MF-17665"
1,"DW-13195"
4,"DC-12850"
4,"EB-13870"
4,"TS-21160"
4,"ME-17320"
3,"CP-12340"
4,"MP-17470"
2,"RL-19615"
1,"ME-17320"
3,"KL-16555"
3,"CC-12610"
1,"EH-14125"
3,"LW-17125"
2,"ME-18010"
4,"JH-15985"
2,"SF-20200"
2,"HG-14965"
3,"CK-12760"
4,"JL-15835"
3,"RF-19840"
3,"CA-12310"
2,"IG-15085"
2,"MT-18070"
4,"CC-12220"
3,"PO-18865"
3,"LH-17020"
2,"MC-17635"
4,"BH-11710"
2,"GM-14500"
3,"TB-21400"
4,"KL-16555"
2,"JL-15850"
1,"TW-21025"
2,"BE-11410"
1,"CR-12625"
1,"TD-20995"
2,"LT-16765"
4,"MR-17545"
4,"BN-11515"
3,"DL-12925"
4,"NF-18595"
3,"FG-14260"
3,"JK-16120"
4,"AM-10360"
3,"HF-14995"
1,"EB-13930"
2,"TS-21160"
4,"JG-15160"
4,"EM-13960"
3,"DS-13030"
3,"RD-19810"
3,"RC-19825"
3,"RA-19915"
2,"SR-20425"
2,"DH-13675"
4,"TS-21205"
2,"EH-13945"
1,"AS-10240"
3,"VP-21730"
2,"BO-11350"
4,"DH-13075"
2,"LR-17035"
1,"AB-10165"
3,"KD-16270"
1,"EB-13750"
1,"PK-19075"
3,"TB-21190"
1,"FH-14365"
2,"DV-13045"
4,"AB-10015"
2,"SC-20800"
1,"DH-13075"
4,"DV-13465"
2,"DL-13330"
3,"AW-10930"
2,"AB-10165"
4,"LT-17110"
4,"PR-18880"
2,"TB-21595"
2,"GH-14410"
3,"RW-19690"
2,"MH-17440"
3,"TC-21475"
4,"PM-18940"
2,"TC-21475"
3,"SH-20395"
4,"DW-13480"
3,"SG-20605"
4,"AW-10930"
1,"NB-18655"
3,"DR-12880"
3,"JF-15565"
3,"BG-11740"
1,"SJ-20215"
2,"PW-19240"
4,"GH-14410"
1,"DL-13495"
3,"MG-18145"
4,"HM-14860"
3,"BM-11140"
2,"AS-10630"
4,"LE-16810"
3,"JM-15865"
1,"PF-19165"
1,"DD-13570"
1,"RH-19495"
1,"AH-10210"
1,"TG-21640"
1,"AI-10855"
2,"GB-14530"
4,"CJ-12010"
3,"SS-20140"
1,"FH-14350"
3,"NC-18535"
2,"CM-12190"
1,"JC-15775"
2,"JR-16210"
3,"KL-16645"
1,"MO-17950"
2,"JM-15250"
2,"LP-17080"
3,"HW-14935"
4,"HW-14935"
4,"SG-20890"
2,"CL-12565"
2,"JK-15625"
3,"CC-12430"
4,"CD-11980"
3,"LC-16885"
2,"AT-10435"
4,"TT-21265"
3,"TC-21145"
4,"LW-17215"
3,"RW-19630"
4,"RR-19315"
2,"LS-17230"
2,"DM-12955"
1,"MB-17305"
4,"BK-11260"
4,"KN-16450"
1,"TB-21280"
2,"VW-21775"
1,"PM-19135"
4,"MD-17350"
1,"KH-16690"
2,"VP-21730"
3,"KH-16690"
1,"AM-10705"
1,"DR-12940"
1,"TC-21475"
2,"KM-16225"
2,"DK-13225"
4,"RP-19270"
3,"RA-19285"
2,"AS-10240"
1,"GA-14725"
1,"TB-21355"
4,"CT-11995"
4,"RW-19540"
1,"EJ-14155"
1,"KM-16375"
3,"JW-15220"
1,"ND-18370"
1,"KE-16420"
2,"AH-10210"
4,"NP-18700"
3,"DD-13570"
4,"SC-20050"
2,"CM-11935"
4,"YC-21895"
4,"PJ-18835"
1,"LC-17140"
2,"SW-20455"
2,"LL-16840"
3,"AH-10030"
2,"AB-10600"
1,"SL-20155"
3,"KD-16495"
1,"SA-20830"
2,"JC-16105"
2,"TB-21190"
3,"RB-19795"
1,"RB-19570"
2,"SR-20740"
4,"JG-15805"
1,"LC-16870"
1,"MO-17800"
1,"NS-18640"
1,"QJ-19255"
4,"BS-11380"
4,"ES-14020"
3,"CM-12160"
1,"SR-20740"
3,"SH-19975"
1,"SU-20665"
2,"FM-14380"
4,"PS-19045"
4,"TP-21130"
4,"GK-14620"
3,"NB-18580"
1,"PF-19120"
4,"RB-19435"
4,"KE-16420"
3,"DB-13270"
4,"MH-17455"
4,"JD-16015"
2,"BS-11380"
3,"ND-18370"
3,"TG-21310"
4,"MJ-17740"
2,"TP-21565"
2,"NP-18685"
1,"FA-14230"
1,"ER-13855"
4,"AJ-10945"
2,"YC-21895"
2,"MC-17425"
1,"CC-12370"
4,"CA-11965"
2,"MM-18280"
2,"PA-19060"
3,"DL-12865"
3,"RF-19735"
2,"SN-20560"
4,"KM-16720"
3,"IL-15100"
2,"JG-15805"
4,"DB-13120"
1,"VM-21685"
2,"CC-12670"
2,"KW-16570"
3,"TH-21100"
1,"PM-18940"
4,"BM-11140"
3,"JM-15535"
4,"JH-15910"
4,"JL-15235"
2,"ES-14080"
3,"EM-13960"
4,"GW-14605"
4,"NG-18355"
3,"KN-16705"
4,"DB-13555"
3,"CP-12085"
1,"HL-15040"
1,"JD-15790"
3,"CY-12745"
2,"EH-13990"
4,"PM-19135"
1,"AH-10585"
3,"BM-11650"
2,"AG-10495"
2,"SG-20470"
4,"SC-20680"
1,"PO-18850"
4,"BW-11200"
3,"DB-12970"
1,"PS-18970"
4,"SW-20275"
3,"JK-15730"
3,"LC-16930"
3,"JD-15895"
4,"DB-13060"
3,"SP-20860"
4,"BS-11665"
4,"DM-13345"
3,"VP-21760"
2,"LF-17185"
2,"Dl-13600"
1,"VD-21670"
3,"JH-15820"
3,"AS-10630"
2,"JG-15310"
2,"BD-11560"
2,"LC-16930"
2,"FO-14305"
3,"SP-20920"
3,"DG-13300"
2,"BB-10990"
3,"JM-16195"
1,"BD-11620"
4,"Co-12640"
1,"TS-21160"
2,"RB-19435"
2,"VF-21715"
4,"JC-15775"
4,"LH-17155"
4,"SJ-20500"
2,"BP-11095"
3,"MS-17770"
2,"IM-15055"
4,"SP-20545"
2,"DJ-13510"
4,"TC-21295"
2,"RB-19360"
3,"JO-15280"
2,"KA-16525"
3,"TH-21235"
1,"TT-21220"
1,"GW-14605"
3,"JK-15640"
2,"DW-13585"
4,"TB-21400"
4,"CA-12310"
1,"BE-11410"
4,"JK-15325"
3,"LW-17215"
3,"SN-20560"
3,"JL-15850"
4,"LH-17020"
1,"EH-13990"
3,"BF-11215"
3,"SD-20485"
2,"RA-19915"
2,"BM-11785"
3,"JP-15460"
2,"SC-20440"
3,"SP-20545"
2,"TB-21400"
1,"RM-19675"
1,"AF-10885"
2,"MY-18295"
2,"DK-12895"
1,"EC-14050"
1,"KW-16570"
3,"JO-15145"
1,"TS-21505"
3,"JM-15580"
3,"CG-12040"
4,"LS-16975"
3,"CS-12505"
3,"AB-10150"
1,"GZ-14470"
3,"GM-14680"
2,"MR-17545"
4,"MH-17785"
2,"JK-15640"
1,"AH-10195"
3,"KH-16330"
2,"BG-11740"
3,"TC-21535"
1,"HA-14920"
2,"SC-20050"
3,"MC-17845"
2,"DL-12925"
2,"RD-19585"
4,"NC-18535"
3,"NF-18385"
1,"TT-21460"
3,"RC-19960"
3,"KN-16390"
2,"FH-14365"
4,"SH-19975"
2,"AR-10540"
2,"CV-12295"
1,"MS-17365"
3,"RB-19360"
1,"CB-12535"
3,"DB-13660"
1,"LH-16900"
4,"RB-19795"
2,"BP-11290"
2,"TT-21220"
4,"CM-12655"
4,"DK-13225"
2,"AG-10270"
4,"HL-15040"
2,"FC-14245"
2,"LS-17245"
2,"KB-16240"
1,"LW-16990"
4,"MV-17485"
4,"KL-16645"
2,"MB-18085"
2,"CB-12025"
1,"MD-17860"
2,"DM-13015"
3,"NH-18610"
4,"SW-20245"
4,"SR-20425"
2,"KH-16510"
3,"CS-12460"
4,"SG-20605"
1,"EB-14170"
2,"DL-12865"
4,"RB-19465"
4,"AR-10345"
2,"MM-18055"
1,"TC-20980"
1,"SS-20515"
2,"TN-21040"
2,"JD-16060"
3,"MB-18085"
3,"KB-16585"
2,"JD-16015"
3,"MP-17965"
2,"NZ-18565"
4,"CS-11860"
2,"KS-16300"
2,"PP-18955"
4,"JK-16090"
2,"SC-20575"
4,"BS-11365"
2,"DO-13435"
1,"HM-14980"
1,"BB-11545"
2,"BS-11590"
4,"MY-17380"
4,"MW-18220"
3,"SC-20305"
3,"HE-14800"
1,"KB-16240"
1,"Co-12640"
4,"CA-12265"
3,"SC-20230"
2,"KB-16405"
1,"AH-10690"
4,"DK-12985"
1,"HR-14770"
3,"KC-16540"
4,"EH-14005"
1,"TP-21130"
2,"JE-16165"
4,"EG-13900"
4,"TB-21250"
4,"EH-13765"
4,"JS-15880"
3,"ON-18715"
3,"JM-15265"
1,"SB-20290"
1,"SC-20380"
1,"NG-18355"
3,"TB-21595"
1,"IG-15085"
1,"KF-16285"
2,"TS-21610"
1,"KD-16495"
2,"MG-17890"
3,"Dp-13240"
2,"NS-18505"
3,"SW-20455"
4,"BG-11740"
3,"CS-12400"
1,"JE-16165"
3,"JL-15235"
2,"CS-11950"
2,"CA-11965"
4,"JF-15295"
2,"TG-21640"
2,"LC-16885"
3,"BP-11050"
3,"PL-18925"
3,"TS-21370"
2,"HW-14935"
3,"AH-10075"
1,"GM-14500"
4,"HK-14890"
1,"MG-18145"
3,"ED-13885"
3,"CM-12190"
2,"PF-19120"
2,"AY-10555"
1,"KC-16255"
3,"BF-11170"
2,"EA-14035"
1,"JE-15745"
3,"PS-18760"
3,"JL-15505"
3,"BS-11755"
2,"MO-17800"
4,"DW-13540"
3,"CS-11860"
4,"ML-17410"
2,"MZ-17515"
4,"SF-20200"
1,"BF-11170"
2,"GR-14560"
4,"SF-20065"
1,"CC-12685"
2,"YS-21880"
3,"QJ-19255"
4,"HP-14815"
2,"TB-21520"
2,"DB-13615"
1,"PB-19150"
2,"GM-14680"
2,"RW-19690"
3,"SM-20905"
3,"BN-11515"
4,"JS-15940"
3,"DK-12835"
4,"LC-16885"
2,"NP-18325"
3,"KM-16660"
2,"KD-16270"
3,"DK-13375"
2,"RD-19660"
4,"DD-13570"
4,"TS-21610"
2,"ON-18715"
4,"NP-18670"
4,"RB-19705"
1,"HG-14965"
3,"TC-20980"
3,"TS-21160"
1,"DW-13480"
1,"CM-12385"
1,"EM-13825"
1,"AJ-10945"
3,"JK-15370"
1,"GM-14695"
3,"RB-19465"
3,"DV-13045"
1,"AP-10915"
3,"JJ-15445"
2,"MS-17830"
3,"BE-11410"
3,"DL-13330"
4,"PV-18985"
1,"PJ-19015"
4,"AG-10765"
3,"BD-11770"
1,"PF-19225"
4,"KD-16495"
2,"AH-10585"
3,"EJ-14155"
2,"SC-20845"
1,"EM-14095"
3,"JC-16105"
1,"DR-12880"
1,"TT-21070"
4,"SM-20005"
2,"RD-19480"
1,"AS-10225"
4,"HE-14800"
1,"BF-11275"
4,"SS-20140"
4,"MT-18070"
1,"LL-16840"
2,"JD-15790"
2,"SC-20725"
3,"BT-11680"
3,"SW-20245"
2,"TD-20995"
4,"TH-21115"
3,"PV-18985"
4,"KH-16330"
2,"JS-15595"
4,"HG-14845"
3,"LE-16810"
4,"CY-12745"
2,"ML-17755"
4,"EM-14065"
1,"LP-17095"
4,"DM-13015"
4,"JL-15130"
3,"BP-11185"
2,"CA-12775"
4,"LA-16780"
3,"CS-12490"
1,"BD-11725"
4,"CD-11920"
2,"PO-19195"
4,"BE-11455"
4,"CB-12025"
4,"OT-18730"
3,"TW-21025"
4,"VB-21745"
1,"DM-13525"
1,"FH-14275"
4,"EK-13795"
3,"AS-10045"
1,"MC-17575"
4,"FO-14305"
3,"KD-16345"
4,"FM-14380"
4,"CL-12700"
4,"MM-17920"
4,"CS-12490"
1,"KB-16315"
2,"BT-11395"
3,"KN-16450"
3,"AM-10360"
4,"BF-10975"
2,"JS-16030"
1,"AJ-10780"
2,"JL-15505"
4,"BN-11470"
1,"NK-18490"
2,"EB-13930"
1,"EM-14200"
1,"JL-15175"
4,"CM-12445"
4,"EH-13990"
2,"RS-19420"
4,"AH-10075"
2,"MH-17620"
3,"JE-15745"
4,"GH-14485"
2,"BF-11005"
1,"SC-20770"
3,"SE-20110"
3,"HG-14845"
1,"PG-18820"
3,"LB-16795"
4,"JW-16075"
1,"LT-17110"
2,"NK-18490"
3,"AF-10870"
3,"CB-12535"
2,"KM-16720"
4,"JG-15310"
2,"EC-14050"
4,"EC-14050"
4,"RR-19525"
3,"JM-15250"
4,"MC-17590"
1,"GB-14530"
1,"FC-14245"
2,"AI-10855"
3,"AG-10525"
2,"SA-20830"
2,"AB-10060"
3,"AG-10495"
2,"NC-18415"
1,"SC-20260"
2,"SB-20290"
4,"JE-15610"
3,"JC-15340"
1,"JD-15895"
2,"SD-20485"
1,"RH-19555"
1,"SO-20335"
3,"RB-19705"
1,"MH-17440"
2,"AB-10105"
2,"JO-15550"
4,"FG-14260"
2,"JK-16090"
3,"TS-21205"
4,"ML-17755"
4,"VP-21760"
4,"SU-20665"
3,"DM-13015"
4,"PL-18925"
2,"JL-15835"
3,"KH-16360"
2,"TS-21205"
2,"CT-11995"
3,"CJ-11875"
1,"AJ-10795"
2,"RW-19540"
3,"SC-20260"
2,"HH-15010"
3,"NC-18625"
2,"EM-13960"
2,"AG-10900"
1,"JJ-15760"
4,"RS-19765"
2,"LO-17170"
1,"JL-15130"
1,"JO-15145"
2,"DB-12970"
1,"NB-18580"
3,"EH-13945"
3,"RD-19900"
1,"PJ-18835"
3,"SB-20185"
3,"EJ-13720"
1,"AG-10390"
1,"MW-18235"
1,"CG-12520"
2,"RD-19810"
1,"AH-10030"
4,"BM-11785"
3,"LC-16960"
2,"RH-19510"
3,"HR-14830"
2,"RR-19315"
3,"AH-10210"
4,"JC-16105"
3,"JK-15205"
1,"SM-20950"
3,"EP-13915"
4,"BP-11290"
3,"LR-17035"
3,"SR-20740"
4,"TM-21490"
2,"JO-15145"
2,"VD-21670"
3,"HK-14890"
4,"MD-17860"
4,"IM-15070"
2,"CC-12475"
3,"DP-13000"
2,"CL-12700"
2,"CC-12220"
3,"AB-10165"
3,"MM-18055"
4,"EM-13825"
2,"CD-11980"
4,"JE-15475"
4,"LW-16825"
2,"MS-17710"
2,"RF-19735"
1,"CR-12820"
3,"MV-17485"
4,"AB-10150"
1,"MA-17995"
2,"BP-11185"
4,"SB-20185"
1,"AS-10630"
4,"AC-10660"
4,"JP-15520"
2,"ZD-21925"
4,"DP-13165"
2,"AH-10030"
1,"EB-13870"
4,"NB-18655"
1,"DK-12985"
3,"JA-15970"
2,"BS-11800"
4,"BP-11230"
2,"JG-15115"
3,"AC-10615"
4,"RD-19480"
2,"AZ-10750"
3,"TH-21550"
4,"TT-21220"
2,"LW-17125"
2,"RB-19465"
1,"AG-10330"
4,"IL-15100"
1,"SN-20710"
4,"JD-16060"
1,"MP-17470"
3,"AR-10540"
2,"JP-15520"
4,"AH-10465"
4,"RH-19495"
3,"LH-16750"
3,"JM-15655"
2,"EB-13975"
3,"KA-16525"
1,"GM-14440"
3,"KF-16285"
4,"AH-10585"
3,"CR-12580"
3,"SF-20065"
1,"MF-18250"
1,"RB-19465"
2,"AJ-10795"
2,"FH-14275"
2,"AW-10840"
2,"AS-10090"
3,"JB-15400"
1,"JE-15715"
4,"VF-21715"
2,"DL-13495"
1,"EP-13915"
3,"MD-17860"
4,"FP-14320"
3,"BH-11710"
4,"JK-16120"
3,"DB-13210"
4,"CG-12040"
3,"MG-17875"
2,"AP-10720"
2,"SB-20185"
3,"AZ-10750"
3,"AA-10315"
1,"KD-16270"
4,"MY-18295"
2,"DM-13345"
2,"CK-12325"
2,"PB-18805"
2,"AC-10420"
2,"EB-14170"
2,"PO-18865"
3,"SM-20950"
4,"CL-11890"
2,"MH-18025"
3,"CR-12730"
3,"HA-14905"
4,"RP-19855"
3,"TB-21280"
4,"HG-14965"
3,"PK-19075"
2,"CM-12655"
4,"HR-14770"
4,"RP-19390"
4,"SC-20770"
4,"RW-19630"
4,"CS-12400"
2,"NG-18430"
4,"EA-14035"
3,"FM-14380"
2,"AA-10315"
1,"PO-18865"
2,"MK-18160"
2,"SV-20365"
1,"KW-16435"
4,"QJ-19255"
2,"SP-20620"
3,"EB-13840"
3,"LH-16900"
2,"CD-11920"
4,"ER-13855"
3,"SB-20290"
3,"EM-13825"
4,"SM-20950"
3,"DJ-13510"
3,"MG-17695"
3,"DC-12850"
2,"CP-12085"
3,"MW-18220"
2,"DB-13660"
1,"RC-19960"
3,"CL-12700"
2,"JM-15535"
1,"DJ-13510"
3,"TB-21520"
1,"VP-21760"
1,"JC-16105"
4,"DB-13405"
3,"HL-15040"
3,"CL-11890"
2,"BB-11545"
3,"CC-12370"
3,"LT-16765"
2,"CR-12580"
2,"BP-11230"
4,"PO-18850"
3,"EM-13810"
2,"BT-11680"
4,"TB-21355"
4,"JH-15820"
1,"CK-12760"
4,"MS-17980"
4,"HZ-14950"
2,"KB-16600"
4,"CG-12520"
3,"AF-10885"
4,"JB-15400"
3,"GD-14590"
1,"JM-15580"
3,"JL-15130"
3,"EH-13990"
1,"KB-16585"
3,"LS-16945"
1,"KC-16675"
4,"TN-21040"
2,"KD-16615"
3,"TT-21070"
2,"AH-10690"
4,"AT-10735"
3,"CC-12670"
4,"NM-18520"
4,"LS-16945"
1,"TC-21295"
2,"ME-17725"
4,"MC-17575"
4,"AR-10825"
1,"PT-19090"
2,"SH-19975"
2,"JA-15970"
3,"MD-17350"
1,"SH-20635"
1,"JL-15835"
4,"ND-18370"
4,"LO-17170"
3,"ES-14080"
2,"DB-13120"
4,"TA-21385"
2,"CC-12550"
1,"RP-19855"
4,"FA-14230"
3,"PO-19195"
4,"DK-12895"
3,"Dl-13600"
2,"KM-16375"
1,"LB-16735"
3,"MA-17995"
1,"AH-10075"
2,"DB-13210"
3,"RK-19300"
4,"TH-21235"
3,"NC-18340"
2,"MS-17365"
1,"CS-12175"
3,"AH-10690"
1,"RS-19765"
1,"AH-10120"
1,"JH-15820"
2,"EB-13870"
2,"CC-12370"
2,"RM-19675"
2,"HK-14890"
3,"EM-14095"
4,"RD-19660"
4,"DC-13285"
3,"BE-11455"
2,"HJ-14875"
4,"SC-20095"
3,"AS-10285"
4,"JM-15865"
3,"MC-18100"
4,"FC-14245"
2,"CS-11845"
2,"DR-12880"
3,"MH-17620"
2,"JD-15895"
1,"FM-14380"
4,"KM-16225"
1,"LC-16960"
4,"SP-20860"
3,"TN-21040"
4,"DM-13525"
4,"CS-12250"
3,"BD-11725"
3,"SG-20470"
2,"JM-15865"
1,"RB-19435"
3,"BT-11395"
3,"TH-21115"
1,"MD-17350"
2,"SW-20275"
2,"TT-21070"
4,"MV-18190"
3,"SM-20005"
1,"EH-14185"
3,"AA-10645"
2,"EM-14140"
4,"MT-17815"
2,"CM-12235"
2,"TB-21280"
1,"VM-21835"
3,"MJ-17740"
4,"KB-16315"
2,"TC-21295"
4,"CW-11905"
3,"CL-12565"
1,"JE-15610"
3,"AI-10855"
2,"TS-21370"
4,"CD-12790"
3,"DM-12955"
4,"TB-21175"
2,"MC-17605"
3,"PF-19165"
2,"JF-15565"
1,"AB-10255"
3,"CK-12205"
2,"RD-19930"
1,"JW-15955"
3,"KT-16480"
4,"RF-19345"
3,"EM-14065"
2,"MF-18250"
3,"JF-15190"
1,"MT-17815"
4,"KD-16270"
2,"TB-21250"
1,"AG-10675"
2,"CC-12430"
4,"VW-21775"
2,"LP-17095"
2,"KT-16465"
3,"DP-13105"
3,"RE-19450"
2,"LB-16795"
3,"BP-11155"
3,"CD-11980"
1,"AG-10900"
3,"CC-12100"
2,"PR-18880"
3,"PW-19030"
2,"JE-15475"
1,"RB-19645"
3,"RR-19525"
3,"SC-20695"
1,"BD-11560"
1,"KT-16480"
3,"VM-21685"
3,"KB-16240"
1,"FM-14290"
1,"ML-17755"
4,"PN-18775"
3,"MH-18115"
2,"SH-20635"
2,"IM-15070"
1,"PW-19240"
4,"DB-13210"
3,"GZ-14545"
2,"CS-12355"
1,"MH-18025"
3,"CM-12715"
4,"ED-13885"
2,"NP-18670"
2,"CW-11905"
1,"FW-14395"
4,"DK-13090"
3,"SW-20350"
2,"JE-15745"
3,"PJ-18835"
3,"RM-19750"
3,"CV-12295"
4,"BW-11110"
3,"BO-11350"
1,"BS-11590"
2,"TC-20980"
2,"BG-11695"
4,"JO-15145"
4,"MM-18280"
2,"KC-16540"
2,"KD-16345"
4,"KH-16360"
3,"BG-11695"
2,"DJ-13420"
2,"BN-11470"
2,"DW-13540"
3,"MO-17800"
1,"AP-10720"
3,"AH-10195"
4,"RO-19780"
2,"BD-11725"
4,"SC-20020"
3,"EH-14005"
1,"MM-18280"
4,"AR-10510"
3,"LO-17170"
1,"YS-21880"
3,"SP-20650"
4,"RS-19870"
3,"CB-12025"
3,"FP-14320"
3,"NP-18685"
4,"JD-15790"
3,"NZ-18565"
4,"AB-10165"
2,"CM-12115"
3,"NC-18415"
3,"NR-18550"
1,"SP-20620"
4,"JE-15745"
2,"BD-11320"
4,"EH-14185"
1,"DB-13060"
2,"JW-16075"
4,"MO-17500"
3,"AA-10480"
4,"AB-10105"
1,"JM-16195"
4,"EH-13945"
4,"BT-11395"
1,"JP-15520"
4,"TP-21565"
3,"SP-20620"
3,"AS-10225"
2,"AB-10255"
3,"EL-13735"
4,"AG-10270"
1,"JB-15400"
4,"CC-12610"
3,"SV-20365"
2,"JK-15205"
4,"NR-18550"
1,"AG-10495"
4,"KT-16465"
3,"TT-21220"
1,"TB-21190"
2,"MC-18100"
2,"JM-15655"
3,"DA-13450"
4,"SL-20155"
2,"BT-11530"
3,"RL-19615"
3,"SJ-20500"
2,"SV-20785"
3,"BT-11530"
1,"KL-16555"
3,"CC-12220"
2,"TS-21085"
3,"MG-17890"
4,"DB-13270"
2,"NW-18400"
4,"TS-21340"
3,"DP-13390"
4,"SC-20230"
4,"SC-20800"
4,"MP-17965"
2,"AM-10705"
3,"MS-17530"
3,"Co-12640"
3,"MG-17650"
2,"RP-19390"
4,"SZ-20035"
4,"MG-17890"
4,"PS-18970"
2,"NB-18655"
4,"DL-13330"
2,"CK-12205"
1,"BW-11065"
3,"HM-14860"
4,"TC-21475"
1,"LC-17050"
1,"MJ-17740"
2,"TS-21655"
1,"SH-19975"
4,"NS-18505"
3,"AR-10825"
4,"AB-10060"
4,"AC-10615"
4,"NP-18685"
3,"DB-13120"
1,"BW-11200"
1,"BP-11155"
3,"CM-12655"
4,"JM-15265"
2,"MC-17845"
3,"PW-19240"
4,"VM-21835"
3,"EH-13765"
3,"KE-16420"
3,"CS-12355"
2,"LB-16735"
2,"SC-20230"
2,"KB-16315"
4,"FH-14350"
2,"NM-18520"
4,"GT-14755"
2,"KT-16480"
2,"RA-19945"
2,"RM-19375"
4,"KT-16480"
1,"ES-14020"
4,"BB-11545"
1,"MB-18085"
4,"BS-11755"
2,"JG-15160"
3,"SF-20965"
3,"TB-21355"
4,"CM-11815"
2,"BC-11125"
1,"RA-19945"
4,"KN-16390"
3,"CH-12070"
3,"MM-18280"
3,"DF-13135"
2,"BH-11710"
2,"AG-10390"
4,"LC-17140"
2,"ED-13885"
1,"BO-11425"
1,"CL-12565"
2,"KF-16285"
4,"TH-21550"
2,"NH-18610"
2,"JK-16120"
4,"LC-16930"
3,"FO-14305"
2,"MB-17305"
4,"MC-17425"
2,"SJ-20215"
1,"DV-13045"
4,"MA-17995"
1,"JM-15250"
3,"RP-19390"
3,"BD-11635"
4,"CM-12190"
3,"WB-21850"
3,"DV-13465"
1,"GG-14650"
1,"LF-17185"
2,"BT-11305"
4,"DP-13105"
1,"Dp-13240"
4,"EB-13930"
3,"TS-21430"
3,"DH-13075"
2,"HG-15025"
3,"NS-18640"
1,"TR-21325"
2,"AH-10465"
4,"BD-11620"
2,"DB-13270"
3,"KW-16435"
2,"DK-13375"
1,"HK-14890"
4,"XP-21865"
3,"CA-12775"
3,"SS-20875"
3,"RB-19330"
4,"CH-12070"
4,"NK-18490"
3,"GT-14710"
3,"MM-17920"
1,"EG-13900"
1,"DB-13120"
2,"SJ-20125"
2,"EM-14095"
2,"BF-11020"
2,"ES-14020"
2,"GW-14605"
2,"PL-18925"
4,"BF-11215"
1,"DB-12910"
3,"NM-18520"
4,"CA-12775"
2,"RE-19450"
3,"EB-14110"
3,"AJ-10960"
1,"RB-19360"
4,"TT-21460"
2,"TP-21415"
3,"DK-13225"
3,"TS-21610"
3,"MF-17665"
3,"JH-15430"
4,"CR-12820"
2,"VS-21820"
2,"TZ-21580"
1,"MG-18205"
4,"AH-10120"
2,"DO-13645"
3,"AG-10300"
3,"AB-10105"
3,"RD-19720"
2,"AC-10615"
3,"DW-13585"
4,"MO-17950"
2,"GT-14710"
1,"SC-20800"
2,"TB-21625"
2,"MG-17680"
4,"RE-19450"
