"stateid","customerid"
47,"KE-16420"
35,"GZ-14470"
30,"RP-19855"
43,"LH-17155"
24,"MN-17935"
43,"KT-16480"
47,"Dl-13600"
27,"SC-20440"
1,"CC-12145"
19,"GT-14710"
27,"FG-14260"
22,"DO-13645"
28,"NF-18595"
2,"HG-14965"
27,"PO-18850"
28,"MS-17770"
43,"HW-14935"
5,"XP-21865"
5,"SC-20380"
33,"GG-14650"
10,"JK-15205"
47,"AW-10930"
46,"ND-18370"
43,"LS-16945"
43,"IL-15100"
17,"JB-15400"
25,"PM-19135"
44,"AT-10735"
2,"NC-18625"
27,"EB-13870"
2,"RH-19495"
30,"JD-16150"
33,"EK-13795"
35,"BM-11575"
27,"TB-21520"
47,"JS-15880"
31,"CC-12685"
47,"CS-11845"
10,"MB-17305"
10,"ED-13885"
32,"TG-21310"
4,"BH-11710"
16,"TG-21640"
43,"OT-18730"
43,"LH-16900"
28,"CS-11845"
26,"JD-16150"
47,"SN-20710"
28,"MH-17785"
44,"ES-14020"
2,"LT-16765"
36,"SS-20140"
30,"PO-19180"
3,"DL-12925"
14,"GA-14725"
10,"SF-20200"
5,"KC-16675"
28,"SN-20710"
36,"VB-21745"
46,"MG-17890"
21,"TT-21265"
33,"JG-15805"
10,"LF-17185"
47,"KH-16510"
47,"EB-13705"
7,"YC-21895"
33,"PB-19105"
47,"RF-19840"
24,"JG-15310"
10,"JF-15355"
44,"MY-17380"
10,"CL-12565"
25,"ML-18040"
43,"SW-20275"
27,"DV-13045"
33,"PL-18925"
25,"SZ-20035"
5,"AJ-10795"
34,"AG-10495"
27,"SM-20950"
47,"TP-21130"
24,"LB-16795"
3,"JW-15955"
36,"XP-21865"
24,"RB-19360"
14,"JP-15520"
24,"DK-13375"
43,"MV-17485"
36,"KS-16300"
36,"SS-20410"
24,"EB-14110"
47,"LH-17155"
43,"AM-10360"
44,"JF-15190"
5,"ST-20530"
3,"RD-19810"
24,"CB-12025"
47,"EN-13780"
32,"AJ-10780"
28,"JM-15265"
43,"SB-20170"
33,"NM-18520"
22,"SC-20230"
25,"SC-20020"
30,"AG-10675"
43,"MH-17290"
2,"SR-20425"
5,"PR-18880"
10,"AA-10375"
12,"CC-12475"
44,"MN-17935"
21,"PA-19060"
46,"JH-16180"
25,"HJ-14875"
30,"CM-12235"
27,"GM-14680"
25,"RF-19735"
33,"KW-16435"
27,"SB-20290"
34,"FH-14275"
21,"SZ-20035"
33,"MM-18280"
43,"CM-11815"
30,"JO-15145"
43,"SH-19975"
44,"MC-17275"
10,"SH-19975"
24,"JP-16135"
1,"AA-10645"
36,"ND-18460"
34,"TD-20995"
43,"NP-18700"
5,"BP-11185"
43,"AS-10225"
28,"EB-13750"
47,"NG-18430"
1,"AW-10930"
43,"AH-10120"
33,"AH-10195"
44,"TR-21325"
24,"EB-13750"
13,"RF-19735"
16,"CL-12700"
10,"FM-14380"
31,"ND-18370"
47,"GM-14455"
34,"OT-18730"
22,"JB-15400"
27,"FH-14365"
47,"TC-20980"
27,"EG-13900"
27,"MC-18100"
12,"TB-21355"
44,"HF-14995"
14,"TC-21475"
33,"TS-21610"
47,"BM-11650"
26,"CC-12430"
30,"TS-21160"
47,"NM-18520"
16,"BE-11455"
32,"MT-17815"
47,"FH-14275"
25,"EP-13915"
12,"PO-19195"
47,"KB-16600"
1,"KH-16630"
27,"ML-17395"
46,"KL-16645"
34,"AJ-10795"
27,"NH-18610"
10,"BM-11575"
33,"TN-21040"
33,"KL-16555"
38,"DO-13645"
47,"HA-14920"
33,"DD-13570"
47,"CA-11965"
25,"TB-21520"
25,"MV-18190"
43,"JH-15985"
28,"JW-15955"
28,"CC-12220"
46,"TB-21250"
27,"SW-20245"
10,"GM-14440"
43,"KM-16375"
21,"MD-17860"
34,"LL-16840"
43,"MA-17560"
28,"VG-21790"
24,"HA-14905"
36,"RF-19345"
31,"RP-19855"
35,"EM-13960"
21,"KF-16285"
5,"FO-14305"
4,"AB-10255"
5,"RA-19945"
47,"NR-18550"
10,"MO-17800"
47,"AC-10615"
27,"MD-17350"
5,"PM-19135"
43,"CM-12385"
3,"RS-19765"
10,"CC-12685"
33,"VM-21685"
35,"JB-16000"
32,"AG-10495"
5,"AF-10870"
47,"VW-21775"
28,"AT-10735"
47,"VT-21700"
24,"NF-18595"
2,"AB-10165"
10,"MC-17275"
32,"SM-20005"
27,"AR-10510"
42,"BM-11650"
22,"AG-10270"
30,"BD-11500"
3,"RW-19690"
22,"PO-18865"
5,"MC-17605"
15,"MH-17290"
43,"CA-12265"
43,"RS-19765"
22,"SA-20830"
26,"SM-20950"
2,"HA-14905"
47,"HL-15040"
28,"ED-13885"
3,"AM-10705"
28,"KL-16645"
43,"ML-17395"
10,"CC-12475"
43,"BF-11020"
2,"TC-21475"
45,"CD-11920"
33,"MY-18295"
43,"ZD-21925"
28,"AG-10495"
10,"BE-11335"
3,"SH-20395"
3,"SG-20605"
32,"EB-13870"
23,"BP-11050"
43,"NG-18430"
32,"TB-21280"
28,"SO-20335"
42,"PN-18775"
34,"EM-14200"
28,"JL-15850"
43,"CA-12055"
42,"LS-16975"
5,"RF-19345"
34,"CK-12760"
48,"MV-17485"
46,"CD-11980"
43,"SN-20710"
5,"MG-17875"
3,"JF-15565"
33,"LS-17200"
2,"PW-19240"
1,"JH-15910"
27,"PB-19150"
43,"BT-11530"
28,"MR-17545"
17,"CC-12220"
10,"ZC-21910"
43,"PG-18820"
43,"EM-14140"
17,"CP-12085"
45,"TB-21625"
5,"FA-14230"
10,"AH-10075"
36,"MM-18280"
10,"MG-17695"
27,"SC-20725"
2,"AP-10915"
23,"CK-12595"
5,"TN-21040"
28,"KB-16585"
10,"BF-11215"
43,"PN-18775"
34,"EB-13930"
27,"CB-12415"
24,"AH-10075"
43,"JM-15265"
24,"TB-21595"
47,"MS-17710"
44,"SJ-20125"
47,"SL-20155"
30,"HE-14800"
24,"RB-19435"
27,"MB-18085"
47,"VS-21820"
10,"DB-13660"
43,"JK-15730"
3,"JG-15115"
43,"ND-18370"
10,"JA-15970"
24,"KN-16390"
47,"CM-12235"
44,"DP-13390"
43,"JK-16120"
2,"GB-14530"
28,"AB-10255"
43,"GW-14605"
34,"NP-18325"
14,"KM-16375"
49,"EH-14185"
25,"LA-16780"
28,"MG-17650"
30,"CS-12250"
27,"AF-10885"
3,"LT-17110"
44,"EH-14005"
28,"BP-11185"
25,"ME-17320"
10,"DB-13360"
24,"BE-11455"
21,"DL-13330"
32,"ND-18460"
47,"SV-20815"
46,"MP-18175"
10,"SD-20485"
31,"AH-10120"
43,"MH-17785"
34,"TH-21100"
3,"EB-14170"
27,"SP-20860"
2,"CC-12610"
43,"MB-17305"
16,"FC-14245"
39,"JE-15610"
31,"KW-16435"
24,"CK-12325"
3,"AG-10675"
5,"PP-18955"
12,"NP-18670"
47,"MB-18085"
35,"NS-18640"
47,"AT-10735"
47,"CJ-12010"
26,"BD-11320"
21,"CC-12430"
26,"Dp-13240"
24,"DB-13660"
24,"CK-12205"
28,"CS-11950"
43,"EM-14095"
3,"SL-20155"
10,"SZ-20035"
31,"PS-18970"
42,"JK-16090"
43,"DK-13225"
5,"BE-11410"
9,"BG-11035"
5,"CS-12490"
47,"GA-14725"
13,"RS-19765"
5,"KB-16315"
10,"WB-21850"
35,"MS-17830"
10,"MN-17935"
17,"DB-13360"
17,"DR-12880"
25,"RB-19465"
7,"LB-16795"
1,"BP-11230"
9,"NB-18580"
43,"BT-11680"
47,"LF-17185"
10,"HG-14845"
27,"CM-12190"
5,"SP-20860"
3,"LC-16885"
24,"DB-13120"
33,"BM-11575"
27,"KH-16360"
29,"RB-19645"
43,"KC-16540"
47,"JG-15805"
43,"TG-21310"
33,"JF-15565"
36,"CS-12355"
47,"CK-12205"
10,"TN-21040"
43,"NR-18550"
33,"ML-17410"
28,"TB-21400"
47,"YC-21895"
46,"WB-21850"
21,"AS-10285"
43,"JK-15325"
31,"KC-16255"
5,"CP-12085"
43,"CL-12565"
47,"AZ-10750"
24,"CA-11965"
34,"GB-14575"
47,"BP-11095"
10,"CR-12580"
43,"SA-20830"
34,"GD-14590"
31,"AB-10105"
44,"DM-12955"
10,"EN-13780"
28,"MW-18220"
22,"AR-10405"
43,"NH-18610"
1,"TB-21280"
31,"VB-21745"
22,"SS-20875"
33,"EB-13840"
34,"HP-14815"
47,"NC-18340"
34,"TT-21220"
31,"DH-13075"
47,"EB-14170"
34,"CC-12220"
34,"CK-12325"
27,"SF-20965"
10,"DK-13375"
27,"SV-20365"
27,"BS-11755"
21,"LH-16900"
43,"JF-15295"
10,"KN-16705"
20,"CV-12295"
10,"RP-19390"
10,"KD-16495"
26,"PO-19180"
24,"SZ-20035"
34,"KD-16495"
32,"TS-21610"
43,"MY-18295"
28,"CM-12655"
43,"NZ-18565"
43,"MH-17620"
43,"TG-21640"
3,"DB-13555"
43,"SB-20290"
28,"JF-15295"
43,"AY-10555"
30,"JP-15520"
43,"EH-13945"
10,"JM-15265"
42,"SW-20350"
10,"BM-11140"
43,"AJ-10795"
44,"Dp-13240"
27,"MG-18145"
47,"CM-12445"
32,"SV-20935"
33,"LS-16975"
10,"CP-12340"
12,"JG-15160"
36,"LH-16900"
15,"ST-20530"
34,"RO-19780"
24,"KC-16540"
43,"CB-12535"
17,"ML-17410"
47,"GH-14410"
24,"BD-11725"
28,"RO-19780"
13,"CM-12385"
5,"EB-13930"
43,"DS-13030"
24,"MM-17260"
43,"KB-16240"
31,"FM-14215"
7,"KH-16360"
47,"DB-12970"
27,"DP-13390"
5,"JC-15775"
33,"AG-10765"
16,"NP-18670"
22,"AR-10540"
47,"CC-12220"
43,"VW-21775"
21,"CT-11995"
32,"TB-21520"
5,"MK-17905"
12,"DW-13585"
44,"DK-12835"
7,"VM-21835"
47,"MF-18250"
43,"MC-18100"
47,"NS-18505"
47,"TD-20995"
43,"SP-20920"
34,"AM-10705"
36,"BF-10975"
1,"SC-20680"
24,"JK-15625"
27,"JK-15625"
35,"JF-15355"
22,"DH-13675"
43,"KH-16630"
27,"MZ-17515"
20,"NW-18400"
47,"CM-12160"
46,"TD-20995"
10,"CJ-12010"
43,"JC-16105"
16,"SC-20695"
21,"ML-17410"
43,"RM-19675"
5,"SS-20140"
27,"PO-19195"
23,"AM-10705"
15,"MS-17365"
43,"DP-13000"
43,"SG-20080"
28,"BP-11230"
22,"PS-18760"
47,"FM-14380"
43,"RL-19615"
21,"BS-11590"
9,"MC-17275"
35,"TB-21625"
23,"KM-16375"
21,"BM-11650"
10,"KT-16480"
8,"IL-15100"
46,"GK-14620"
10,"CB-12415"
34,"JD-15895"
24,"ES-14080"
44,"AG-10390"
10,"TD-20995"
28,"RD-19480"
33,"PO-19195"
43,"SC-20770"
29,"AD-10180"
24,"SM-20905"
1,"SL-20155"
5,"AH-10195"
3,"KD-16495"
10,"MS-17770"
5,"CJ-12010"
10,"JJ-15445"
43,"DO-13435"
43,"AG-10900"
43,"MM-18280"
43,"BN-11470"
35,"LA-16780"
5,"PO-18850"
10,"DK-13150"
3,"RB-19795"
38,"CA-12265"
10,"BT-11440"
47,"LB-16735"
28,"EJ-14155"
17,"TB-21055"
21,"DL-12925"
21,"JR-16210"
12,"PC-18745"
10,"MP-17965"
32,"RP-19390"
28,"JD-16015"
31,"SB-20290"
43,"AS-10240"
12,"MC-17590"
47,"MG-18145"
25,"DB-13210"
27,"ST-20530"
32,"CM-11815"
47,"MD-17860"
12,"CK-12760"
13,"Co-12640"
30,"RE-19450"
24,"JM-15865"
27,"RP-19390"
7,"MY-18295"
47,"SB-20290"
43,"SP-20650"
38,"JF-15295"
8,"JF-15415"
44,"CC-12610"
32,"AB-10600"
38,"EM-14140"
43,"AS-10090"
27,"TP-21130"
28,"DN-13690"
47,"JB-15925"
32,"TS-21340"
24,"AB-10165"
27,"BT-11485"
10,"RW-19630"
31,"LP-17095"
5,"PW-19240"
24,"LH-16900"
5,"CS-11860"
13,"PN-18775"
31,"ME-17725"
47,"BW-11110"
36,"DS-13180"
10,"JM-15535"
3,"MY-18295"
28,"ML-18265"
17,"RM-19375"
44,"FH-14275"
10,"SW-20455"
48,"JG-15160"
44,"BH-11710"
21,"RP-19855"
43,"JL-15850"
10,"MV-17485"
10,"SR-20425"
21,"CC-12220"
33,"TA-21385"
47,"DL-12865"
44,"DW-13540"
43,"LT-16765"
24,"CR-12730"
43,"DL-13495"
25,"HP-14815"
2,"FM-14380"
7,"PW-19240"
24,"JE-15745"
13,"PO-18865"
10,"EM-14095"
33,"SU-20665"
23,"CA-11965"
20,"PO-18850"
25,"SP-20650"
16,"AS-10090"
24,"CA-12310"
10,"CA-12055"
10,"RF-19735"
33,"RR-19315"
27,"MH-17455"
33,"SS-20410"
23,"DJ-13510"
10,"AT-10735"
43,"MT-17815"
43,"CB-12415"
47,"BG-11740"
27,"PB-19210"
43,"FA-14230"
43,"DK-12985"
43,"SF-20965"
47,"JK-15325"
10,"JM-15250"
30,"TB-21595"
5,"DH-13675"
10,"NP-18685"
42,"RB-19465"
10,"TB-21250"
35,"SG-20470"
28,"Co-12640"
10,"JG-15805"
43,"CW-11905"
33,"SC-20305"
30,"BW-11110"
30,"MP-18175"
36,"BS-11365"
24,"RA-19945"
47,"CW-11905"
49,"IM-15070"
47,"NK-18490"
5,"EB-13750"
27,"LC-17140"
36,"FH-14350"
3,"BP-11095"
7,"JL-15235"
2,"BS-11380"
24,"CC-12610"
22,"CS-12355"
34,"BD-11605"
3,"TG-21310"
47,"EB-13870"
33,"SA-20830"
32,"SD-20485"
35,"PW-19240"
43,"RD-19480"
5,"LB-16795"
2,"TP-21565"
33,"AB-10165"
45,"RW-19630"
33,"SS-20140"
34,"CB-12025"
26,"CT-11995"
30,"MG-17650"
21,"RB-19570"
22,"CK-12205"
12,"ES-14080"
5,"RH-19495"
28,"CP-12085"
28,"GH-14425"
14,"LT-17110"
24,"JM-16195"
30,"JS-15940"
43,"MV-18190"
10,"AP-10720"
28,"GD-14590"
38,"TM-21010"
10,"KE-16420"
43,"MS-17710"
38,"DB-13360"
24,"JH-15910"
3,"DL-12865"
22,"CM-12160"
32,"ND-18370"
21,"TC-20980"
24,"MC-18100"
8,"NF-18475"
7,"DB-13660"
43,"CS-12505"
36,"VM-21685"
43,"JD-16060"
10,"KB-16315"
47,"AS-10285"
47,"IL-15100"
10,"RB-19705"
43,"JA-15970"
25,"NC-18415"
43,"MC-17845"
10,"HM-14980"
5,"MH-17290"
43,"KH-16690"
35,"JM-15580"
24,"MH-17620"
24,"AJ-10780"
5,"DK-12895"
10,"MC-17845"
35,"RC-19960"
47,"JG-15160"
36,"ST-20530"
17,"DB-13660"
10,"SE-20110"
43,"HG-14965"
43,"DV-13045"
35,"BF-11080"
15,"RD-19900"
47,"PW-19240"
16,"MS-17980"
3,"BP-11290"
39,"SP-20860"
27,"AP-10720"
5,"MG-18145"
5,"FC-14245"
43,"RW-19630"
10,"SU-20665"
16,"GA-14725"
10,"JD-15895"
28,"TC-21475"
34,"RF-19840"
28,"VF-21715"
36,"RM-19375"
49,"FW-14395"
26,"JK-16120"
5,"ZC-21910"
43,"HA-14905"
3,"KN-16705"
25,"BT-11440"
42,"AA-10375"
10,"JM-15865"
25,"LW-17215"
33,"TS-21205"
49,"RL-19615"
10,"LD-17005"
22,"PV-18985"
43,"LS-17245"
17,"AD-10180"
43,"RF-19735"
5,"AH-10585"
5,"SM-20320"
27,"PS-18760"
36,"CR-12625"
43,"TZ-21580"
43,"BD-11320"
43,"JM-16195"
36,"BF-11275"
27,"MC-17575"
33,"SM-20950"
44,"SJ-20215"
47,"SM-20005"
10,"MH-17440"
5,"NG-18355"
43,"BB-10990"
33,"EA-14035"
36,"DL-13495"
27,"CV-12805"
5,"BD-11605"
27,"BT-11395"
5,"JK-15205"
43,"AO-10810"
28,"JK-15625"
47,"RO-19780"
1,"PS-18970"
43,"IM-15070"
27,"JB-16000"
31,"PF-19120"
43,"JM-15535"
32,"CA-12775"
32,"DJ-13510"
4,"SW-20275"
27,"GD-14590"
10,"BP-11155"
33,"AG-10900"
3,"JK-15730"
46,"CL-12565"
10,"LC-16960"
48,"TG-21640"
10,"BF-10975"
47,"TB-21250"
33,"BF-11170"
23,"LS-16945"
44,"DK-12985"
43,"RB-19465"
28,"NP-18685"
7,"SF-20965"
33,"FO-14305"
43,"BM-11140"
12,"TR-21325"
34,"AS-10090"
30,"JB-15400"
15,"NS-18640"
8,"IM-15055"
33,"TT-21460"
14,"CK-12595"
25,"MS-17710"
39,"EP-13915"
48,"SH-19975"
33,"DR-12880"
12,"KT-16480"
25,"EH-14005"
10,"MF-18250"
10,"BM-11785"
24,"ML-17755"
15,"DR-12940"
47,"MC-17425"
28,"MJ-17740"
43,"PL-18925"
33,"SB-20170"
5,"JP-15520"
3,"JH-15820"
10,"AI-10855"
3,"KB-16315"
10,"BK-11260"
47,"AG-10675"
42,"NF-18475"
43,"MH-17455"
7,"PK-19075"
38,"KL-16645"
43,"MZ-17335"
47,"NC-18415"
10,"CC-12220"
36,"CS-12505"
36,"JS-15880"
10,"EC-14050"
3,"JM-16195"
47,"KH-16360"
1,"BD-11620"
43,"SN-20560"
10,"BS-11800"
44,"GH-14410"
33,"LA-16780"
27,"GW-14605"
32,"CM-11935"
10,"DL-12865"
21,"NC-18625"
26,"BN-11515"
35,"HF-14995"
38,"KH-16630"
44,"EH-13945"
34,"SD-20485"
28,"ME-18010"
33,"BB-11545"
33,"NF-18595"
27,"IM-15070"
22,"TC-21295"
10,"KH-16330"
47,"CC-12475"
33,"EG-13900"
43,"AH-10210"
10,"CM-12115"
22,"KH-16330"
43,"LC-17050"
32,"PF-19120"
10,"JW-15955"
5,"MP-17965"
43,"RA-19915"
42,"AM-10360"
27,"NK-18490"
38,"KS-16300"
21,"SC-20305"
22,"TD-20995"
5,"CP-12340"
47,"PF-19120"
21,"TT-21460"
10,"JK-15640"
8,"KN-16705"
27,"JS-15685"
27,"MH-17290"
7,"SJ-20500"
28,"PJ-18835"
23,"AA-10375"
3,"DM-13345"
2,"BP-11095"
24,"JB-15925"
47,"FM-14290"
47,"KN-16390"
5,"SP-20620"
26,"PG-18895"
26,"RP-19855"
2,"BS-11755"
33,"MH-18025"
43,"HM-14860"
3,"EB-13975"
43,"AZ-10750"
16,"EA-14035"
43,"MS-17770"
7,"PP-18955"
43,"CM-12115"
36,"BD-11500"
5,"NS-18640"
20,"TR-21325"
8,"DP-13390"
3,"JW-16075"
10,"TB-21280"
10,"CK-12595"
32,"HP-14815"
47,"JJ-15760"
33,"AF-10870"
43,"RF-19840"
1,"BS-11365"
43,"TS-21430"
43,"NM-18520"
27,"EH-13945"
44,"PK-19075"
1,"NP-18670"
32,"KM-16375"
47,"HM-14860"
47,"JK-15730"
28,"RW-19540"
43,"DK-13375"
10,"EB-13705"
27,"DK-13375"
47,"MM-18280"
24,"EC-14050"
33,"JH-15820"
33,"AB-10105"
27,"MD-17860"
13,"EA-14035"
28,"CS-12400"
23,"GM-14500"
43,"FC-14245"
43,"MM-17920"
12,"PG-18895"
32,"NP-18670"
27,"AH-10075"
10,"GA-14515"
43,"TM-21490"
33,"VS-21820"
43,"GM-14680"
47,"ML-18040"
43,"RD-19810"
23,"ES-14080"
42,"PG-18820"
28,"MM-17260"
7,"KB-16315"
26,"DW-13480"
47,"AC-10660"
27,"EP-13915"
27,"BM-11785"
3,"RB-19570"
32,"SN-20560"
43,"MZ-17515"
34,"CS-12355"
5,"DC-12850"
28,"CM-11815"
27,"BO-11350"
24,"JH-15820"
27,"AC-10420"
27,"BF-10975"
43,"LB-16735"
47,"BT-11680"
33,"FC-14335"
24,"JS-15880"
31,"SS-20410"
10,"MR-17545"
33,"DK-13150"
47,"RA-19915"
32,"CT-11995"
43,"RB-19795"
31,"JE-15745"
24,"DL-12865"
44,"CK-12760"
3,"KS-16300"
31,"JK-16090"
16,"MC-17635"
10,"CS-12460"
10,"RA-19285"
10,"SR-20740"
33,"GH-14410"
33,"KH-16330"
48,"HK-14890"
2,"RA-19915"
47,"KD-16495"
12,"BP-11050"
43,"DW-13195"
1,"TS-21430"
5,"HZ-14950"
17,"MK-17905"
33,"DK-12985"
2,"SC-20440"
10,"JC-16105"
5,"DB-13210"
28,"VM-21685"
20,"PW-19030"
24,"MG-17650"
28,"NZ-18565"
45,"BH-11710"
27,"CH-12070"
44,"DW-13195"
38,"SV-20815"
34,"PJ-18835"
5,"RC-19960"
38,"JB-16000"
33,"JF-15490"
44,"ML-17395"
9,"HG-14845"
30,"DP-13105"
12,"VG-21805"
16,"MB-18085"
43,"JH-15910"
43,"DF-13135"
36,"GA-14515"
10,"JB-15400"
8,"KL-16555"
16,"SG-20080"
21,"AB-10060"
27,"VM-21685"
43,"DB-13120"
33,"SN-20560"
21,"SM-20320"
27,"KM-16660"
49,"YS-21880"
9,"JG-15160"
24,"RP-19390"
43,"VG-21790"
28,"RD-19660"
47,"SV-20365"
24,"MP-17965"
5,"AG-10900"
43,"TT-21070"
43,"EB-13930"
43,"DL-12925"
43,"BW-11110"
1,"EC-14050"
43,"KE-16420"
10,"HZ-14950"
47,"EM-14200"
16,"HM-14860"
33,"KA-16525"
14,"CM-12235"
33,"FM-14380"
3,"MC-17575"
9,"BD-11605"
24,"BG-11695"
38,"SF-20200"
43,"DW-13585"
34,"AS-10045"
49,"CB-12025"
10,"BN-11515"
32,"JL-15850"
43,"PS-19045"
31,"DB-13555"
3,"JM-15580"
43,"RR-19315"
21,"IL-15100"
3,"CS-12505"
27,"TH-21115"
24,"LC-17050"
24,"BP-11230"
33,"BE-11410"
47,"NC-18625"
47,"SC-20305"
5,"AG-10525"
21,"RD-19720"
5,"KB-16585"
47,"KL-16555"
27,"TB-21055"
47,"TS-21655"
15,"JE-15715"
28,"PB-18805"
15,"GZ-14470"
43,"NM-18445"
30,"NB-18655"
24,"TH-21100"
33,"MM-17920"
5,"JR-15700"
41,"PS-19045"
16,"PP-18955"
43,"LS-17230"
35,"PS-18970"
26,"JD-16060"
43,"PO-18850"
46,"KE-16420"
25,"TP-21130"
35,"CC-12475"
28,"TP-21415"
43,"RM-19375"
47,"MH-17785"
25,"QJ-19255"
47,"MC-17605"
28,"FP-14320"
36,"BP-11155"
43,"AA-10645"
43,"AH-10075"
43,"ES-14020"
27,"RD-19900"
47,"TB-21625"
22,"TB-21055"
34,"EG-13900"
47,"LW-16825"
21,"HW-14935"
28,"SU-20665"
15,"CA-12265"
3,"NF-18385"
24,"AR-10825"
47,"KM-16720"
10,"BF-11080"
5,"JK-16120"
10,"DL-13495"
43,"DL-12865"
10,"DL-13330"
31,"SC-20050"
32,"NC-18535"
43,"BD-11605"
36,"TB-21355"
43,"AJ-10780"
10,"JE-15475"
43,"AT-10435"
21,"MM-17920"
35,"MS-17365"
12,"XP-21865"
10,"EH-13990"
43,"JG-15310"
33,"BP-11185"
10,"GT-14710"
47,"SZ-20035"
3,"LR-16915"
5,"DO-13645"
10,"PG-18895"
26,"MW-18220"
10,"AG-10270"
31,"BD-11635"
2,"CS-12130"
43,"RE-19450"
43,"DM-13345"
43,"BP-11185"
32,"ML-17410"
25,"NC-18340"
28,"MS-17530"
49,"AH-10465"
5,"ND-18460"
2,"SM-20950"
25,"PO-18865"
43,"CV-12295"
43,"CA-11965"
3,"FA-14230"
33,"AH-10585"
22,"EJ-14155"
22,"DB-13060"
25,"DW-13480"
23,"MP-17965"
24,"GB-14530"
24,"FC-14245"
33,"BF-11020"
32,"LC-16930"
33,"CC-12220"
31,"RC-19825"
2,"PC-18745"
32,"Dp-13240"
46,"TB-21595"
25,"SC-20050"
3,"BD-11620"
49,"SC-20770"
43,"SS-20410"
4,"CM-12655"
47,"NF-18385"
3,"AG-10330"
28,"CL-12565"
27,"KT-16480"
5,"FM-14380"
33,"CS-11950"
26,"HG-15025"
44,"TS-21505"
47,"KD-16270"
43,"ME-17320"
46,"ML-17755"
44,"GG-14650"
28,"JC-15385"
10,"BG-11695"
1,"JP-16135"
27,"JW-15955"
2,"JE-15715"
47,"ST-20530"
10,"PP-18955"
42,"GT-14710"
35,"KN-16390"
36,"JO-15145"
47,"JG-15310"
44,"DK-12895"
47,"MC-18100"
33,"KL-16645"
32,"JL-15175"
27,"AY-10555"
43,"NP-18325"
30,"BF-11020"
49,"JK-15730"
36,"AH-10075"
3,"KT-16465"
3,"GK-14620"
10,"CD-11920"
12,"KF-16285"
5,"MG-18205"
12,"EM-13825"
33,"CB-12415"
9,"DR-12940"
5,"DM-13525"
18,"VW-21775"
43,"CK-12595"
14,"LS-17200"
28,"MV-17485"
28,"RP-19270"
25,"BD-11320"
10,"HA-14905"
47,"WB-21850"
28,"FM-14215"
27,"RA-19285"
21,"CC-12670"
7,"JD-16150"
47,"JM-15865"
10,"KD-16615"
2,"DG-13300"
10,"TB-21190"
3,"HM-14980"
27,"GP-14740"
10,"CS-12490"
49,"BF-11080"
22,"DR-12940"
7,"ME-17725"
38,"CK-12325"
33,"DP-13165"
21,"KB-16315"
28,"TB-21250"
23,"KH-16690"
24,"AS-10240"
10,"LS-17245"
30,"SC-20695"
36,"SG-20470"
26,"RH-19495"
27,"JO-15550"
24,"VP-21760"
24,"AT-10435"
16,"RW-19690"
25,"BT-11395"
28,"BS-11365"
33,"HK-14890"
2,"MM-18055"
10,"JF-15565"
28,"JO-15145"
3,"MO-17950"
6,"CB-12535"
47,"SC-20050"
17,"JB-16045"
12,"PO-18865"
39,"CC-12430"
10,"JD-16015"
10,"JC-15775"
43,"AB-10060"
47,"LC-17140"
8,"VP-21730"
27,"AW-10840"
25,"SN-20560"
3,"MB-18085"
22,"SC-20095"
10,"EP-13915"
28,"BM-11785"
43,"SF-20065"
10,"MH-18115"
9,"LL-16840"
31,"JG-15160"
43,"AH-10465"
15,"ML-18040"
5,"BF-11275"
24,"CC-12100"
36,"SC-20380"
27,"JH-16180"
33,"CP-12085"
10,"HW-14935"
34,"LO-17170"
43,"KD-16615"
26,"KB-16315"
43,"CB-12025"
33,"ME-17725"
10,"SG-20890"
21,"FH-14275"
26,"CC-12475"
22,"CB-12535"
32,"TS-21370"
43,"RO-19780"
15,"JM-15655"
12,"VM-21685"
25,"DK-13375"
43,"PW-19240"
47,"JP-15460"
28,"BS-11755"
24,"TS-21610"
43,"BD-11560"
36,"JE-15610"
13,"CS-12250"
43,"LC-16960"
27,"JO-15145"
45,"BE-11455"
27,"CC-12370"
43,"FH-14365"
30,"DJ-13420"
10,"VP-21760"
43,"JG-15805"
27,"CJ-11875"
27,"CK-12595"
5,"LB-16735"
10,"PJ-19015"
43,"SP-20620"
24,"MY-18295"
32,"CC-12670"
33,"LE-16810"
24,"CL-12565"
49,"MF-17665"
10,"CV-12295"
2,"MK-17905"
43,"GK-14620"
28,"FM-14290"
43,"JW-16075"
43,"GZ-14545"
31,"RD-19810"
43,"PB-19150"
45,"GB-14575"
33,"DP-13000"
33,"EH-14125"
4,"LM-17065"
33,"LP-17095"
43,"PP-18955"
36,"LL-16840"
1,"Co-12640"
47,"AG-10525"
47,"JC-15775"
43,"TB-21400"
10,"TS-21370"
47,"RB-19330"
33,"GT-14755"
5,"AS-10630"
44,"KW-16570"
33,"RD-19810"
47,"SC-20260"
33,"BN-11470"
27,"SV-20785"
28,"CK-12325"
10,"SW-20275"
10,"MG-17875"
27,"DG-13300"
44,"GM-14440"
22,"DB-13405"
30,"PA-19060"
25,"RB-19795"
23,"BD-11320"
47,"JE-15475"
47,"KC-16540"
34,"PO-18850"
32,"LW-16825"
25,"JS-16030"
24,"MJ-17740"
10,"DM-13015"
10,"BS-11590"
43,"DH-13675"
43,"GH-14410"
27,"BD-11320"
47,"TB-21175"
28,"MB-17305"
28,"SB-20185"
47,"FA-14230"
43,"AM-10705"
10,"RD-19720"
43,"ED-13885"
49,"NW-18400"
37,"MA-17995"
33,"CA-12265"
3,"GT-14635"
27,"AC-10615"
10,"KC-16255"
10,"DV-13465"
34,"AI-10855"
28,"AP-10915"
30,"MA-17560"
34,"MK-18160"
47,"BG-11035"
28,"TW-21025"
27,"JS-15940"
28,"JF-15415"
10,"NW-18400"
25,"PS-19045"
47,"SC-20770"
10,"TT-21220"
47,"ZC-21910"
28,"KN-16705"
43,"CM-12160"
33,"LC-16885"
25,"SF-20965"
17,"IG-15085"
25,"MC-17605"
21,"RA-19285"
43,"AG-10330"
36,"KM-16660"
10,"PS-19045"
47,"CA-12265"
30,"HR-14770"
3,"ON-18715"
47,"GH-14665"
47,"AH-10120"
32,"PS-18970"
43,"AB-10600"
47,"HK-14890"
33,"AT-10735"
33,"LC-16870"
27,"FC-14335"
34,"KH-16360"
43,"KN-16390"
27,"SP-20620"
27,"RK-19300"
14,"SC-20095"
28,"PF-19225"
15,"FC-14335"
34,"QJ-19255"
43,"TS-21610"
44,"EB-13870"
14,"TS-21655"
44,"AH-10210"
10,"SM-20005"
10,"JK-15370"
24,"TC-21475"
43,"JB-15400"
47,"SR-20740"
12,"BS-11365"
10,"AR-10405"
47,"ME-17725"
25,"MS-17365"
28,"EH-13765"
43,"BB-11545"
34,"AS-10240"
4,"EJ-14155"
10,"HR-14830"
43,"AI-10855"
27,"CC-12430"
12,"CS-12175"
7,"CA-12265"
24,"SW-20350"
43,"RD-19930"
22,"PP-18955"
4,"NF-18385"
30,"PK-19075"
24,"MC-17575"
21,"AB-10105"
25,"RC-19960"
34,"AG-10525"
34,"DD-13570"
46,"BM-11785"
47,"SP-20620"
27,"BS-11590"
12,"SJ-20125"
39,"SS-20140"
46,"JF-15490"
10,"SB-20170"
36,"JC-16105"
34,"MG-17875"
24,"BP-11290"
8,"JD-15895"
43,"DM-13015"
21,"DB-13405"
33,"BG-11695"
47,"CV-12805"
33,"BP-11290"
46,"ZC-21910"
32,"TH-21235"
36,"TC-21475"
5,"BP-11095"
28,"JE-15475"
3,"Dp-13240"
10,"PJ-18835"
47,"JE-15745"
43,"AA-10315"
32,"CK-12760"
31,"PW-19030"
43,"LL-16840"
10,"QJ-19255"
5,"EH-14125"
43,"LO-17170"
5,"CA-12775"
10,"DP-13165"
21,"HR-14770"
30,"JE-15610"
31,"BS-11590"
25,"CV-12295"
36,"AA-10375"
43,"KM-16720"
33,"GM-14455"
26,"DL-12925"
28,"MC-18130"
43,"GT-14710"
33,"CL-11890"
22,"XP-21865"
3,"SC-20380"
7,"HK-14890"
46,"DW-13195"
27,"MY-18295"
5,"NR-18550"
32,"LH-16750"
10,"KW-16435"
5,"HJ-14875"
47,"AR-10825"
10,"HP-14815"
49,"DC-12850"
2,"LC-16885"
49,"MS-17710"
5,"TH-21550"
47,"DB-13120"
27,"CJ-12010"
3,"AJ-10945"
5,"HR-14770"
5,"JH-15430"
33,"TH-21235"
27,"EH-14125"
3,"GB-14530"
10,"MM-17260"
21,"KB-16600"
5,"JS-15685"
32,"JM-15655"
27,"BC-11125"
46,"AA-10375"
47,"NH-18610"
43,"JP-15520"
10,"JP-15460"
43,"KD-16495"
42,"KB-16585"
17,"FM-14215"
46,"JK-16090"
23,"DB-13270"
28,"CK-12205"
43,"SV-20365"
31,"RD-19585"
43,"LW-16990"
43,"DB-13060"
14,"DO-13645"
43,"BE-11410"
10,"DL-13315"
10,"DW-13540"
43,"BP-11290"
43,"GA-14725"
47,"RM-19375"
36,"ME-17320"
2,"KL-16555"
27,"EH-13765"
33,"JB-15400"
47,"MO-17800"
44,"MP-17965"
36,"TP-21130"
33,"HG-14965"
6,"VM-21685"
10,"CV-12805"
24,"MF-17665"
10,"BD-11620"
10,"NB-18655"
43,"CC-12430"
33,"SC-20845"
34,"SE-20110"
43,"FM-14290"
43,"JE-15715"
33,"AS-10090"
3,"BF-11170"
27,"MH-18115"
10,"NP-18700"
27,"JK-16120"
43,"AC-10660"
24,"BS-11380"
27,"RD-19720"
33,"BM-11785"
10,"DN-13690"
3,"CS-11860"
47,"DB-13210"
43,"HR-14830"
27,"MS-17770"
10,"LC-17140"
43,"RW-19540"
32,"KM-16720"
25,"EN-13780"
47,"ND-18370"
10,"RD-19480"
5,"KL-16555"
2,"SE-20110"
25,"MJ-17740"
43,"JB-15925"
43,"TT-21220"
47,"LR-17035"
10,"ES-14020"
10,"MH-17455"
9,"KB-16585"
25,"RD-19585"
24,"Dl-13600"
34,"RH-19600"
28,"BD-11320"
24,"MP-17470"
33,"RC-19825"
19,"TC-21475"
21,"RD-19480"
10,"MH-18025"
44,"BG-11035"
5,"KN-16450"
34,"BG-11035"
36,"EH-13990"
43,"RP-19270"
10,"HG-15025"
10,"DM-13525"
33,"LC-16930"
25,"CR-12625"
27,"BD-11770"
22,"BP-11095"
42,"CV-12805"
10,"JH-16180"
43,"DL-13315"
5,"SW-20455"
43,"BM-11650"
47,"AP-10720"
27,"CC-12475"
35,"TH-21550"
28,"BT-11305"
17,"NM-18520"
47,"RC-19960"
43,"JC-15340"
43,"LB-16795"
24,"RC-19960"
34,"LE-16810"
3,"BF-10975"
47,"BM-11140"
43,"LP-17095"
15,"DW-13195"
10,"KM-16225"
34,"JK-15205"
43,"BP-11050"
25,"MG-17650"
5,"PN-18775"
34,"AG-10765"
43,"NL-18310"
27,"BP-11185"
40,"CS-12400"
27,"RD-19660"
24,"JF-15490"
43,"JK-15370"
43,"KB-16405"
28,"RP-19390"
47,"JB-16000"
27,"SS-20410"
47,"AD-10180"
5,"ZD-21925"
28,"SS-20140"
1,"NG-18430"
20,"RS-19870"
2,"ON-18715"
26,"TP-21130"
32,"TH-21100"
28,"RP-19855"
43,"AB-10255"
47,"CT-11995"
30,"DK-12895"
10,"GG-14650"
28,"DO-13435"
28,"AB-10060"
43,"TS-21340"
10,"PC-18745"
24,"NG-18430"
10,"DG-13300"
43,"AH-10690"
47,"SC-20020"
43,"NC-18535"
27,"JM-15535"
32,"EH-13945"
9,"CS-12355"
43,"AR-10510"
12,"DO-13645"
47,"MS-17980"
10,"LW-16825"
47,"CS-12490"
17,"EH-13990"
10,"TS-21340"
5,"ND-18370"
43,"BS-11380"
47,"SH-19975"
47,"MA-17560"
3,"DL-13330"
21,"HL-15040"
47,"VD-21670"
25,"BW-11110"
33,"JK-15730"
28,"MM-18280"
47,"RA-19945"
3,"MC-17605"
28,"DG-13300"
12,"SN-20560"
43,"TB-21520"
10,"MP-17470"
10,"TP-21415"
35,"MG-17890"
33,"RB-19465"
43,"KH-16510"
47,"DM-13525"
10,"EM-14065"
43,"BP-11230"
10,"MS-17365"
29,"MM-18055"
42,"AG-10270"
24,"DP-13000"
5,"AT-10435"
33,"MP-18175"
28,"AS-10630"
47,"AF-10870"
26,"KB-16240"
27,"WB-21850"
47,"CB-12025"
10,"AS-10225"
46,"AS-10045"
4,"KD-16495"
10,"CR-12820"
33,"JK-16120"
34,"SW-20455"
43,"JE-15745"
2,"SC-20845"
36,"RF-19840"
1,"MT-18070"
10,"MV-18190"
33,"AH-10120"
1,"TB-21400"
10,"BD-11635"
45,"NM-18445"
27,"JB-16045"
33,"MG-17695"
28,"JE-15715"
24,"SB-20290"
35,"JE-15745"
43,"KW-16570"
27,"JD-16015"
43,"FH-14275"
10,"TH-21235"
43,"EH-13990"
3,"JC-16105"
10,"LH-16900"
25,"NM-18445"
43,"ML-17755"
10,"PG-18820"
2,"DV-13465"
47,"AW-10840"
32,"KD-16615"
47,"PM-18940"
10,"JL-15235"
17,"CA-12310"
28,"BM-11140"
24,"JS-16030"
7,"DB-13555"
47,"JF-15295"
47,"KH-16630"
28,"ML-17395"
10,"BD-11770"
34,"CC-12610"
47,"DB-13270"
10,"AB-10105"
10,"CL-12700"
28,"AB-10015"
25,"KL-16645"
32,"JP-15460"
3,"CK-12595"
43,"FC-14335"
47,"BP-11185"
33,"SH-19975"
38,"JO-15145"
49,"TC-20980"
49,"DP-13390"
36,"BD-11725"
43,"MG-17890"
31,"AF-10885"
28,"JG-15115"
24,"TT-21070"
28,"RW-19630"
24,"CB-12415"
10,"JF-15190"
35,"MF-17665"
3,"SW-20245"
10,"AG-10390"
8,"AM-10705"
43,"CY-12745"
5,"CS-12400"
9,"BD-11725"
47,"MO-17950"
43,"JF-15190"
47,"MN-17935"
43,"VF-21715"
16,"KW-16570"
34,"BM-11785"
5,"AS-10240"
28,"JO-15550"
27,"RB-19795"
1,"AB-10015"
27,"AG-10495"
28,"PW-19030"
32,"JF-15490"
47,"MY-17380"
14,"MD-17350"
35,"BF-11170"
24,"JD-16015"
10,"DJ-13510"
43,"AC-10420"
23,"RH-19510"
43,"TS-21205"
20,"WB-21850"
3,"JE-15715"
27,"AS-10090"
33,"PO-19180"
7,"JM-16195"
27,"MO-17800"
27,"TD-20995"
24,"PP-18955"
25,"RD-19900"
43,"MH-17440"
43,"RW-19690"
33,"MC-17425"
22,"GM-14455"
27,"NC-18625"
43,"VM-21685"
10,"KD-16345"
10,"ND-18460"
27,"SC-20020"
43,"HA-14920"
25,"SR-20425"
22,"GZ-14545"
28,"DK-12895"
44,"RB-19645"
24,"LC-17140"
11,"NF-18385"
43,"JS-16030"
28,"AS-10135"
43,"PK-19075"
10,"FO-14305"
43,"CG-12040"
43,"MJ-17740"
25,"HW-14935"
2,"FC-14335"
35,"BM-11650"
5,"PT-19090"
21,"MC-17635"
3,"VS-21820"
43,"AP-10720"
1,"RF-19735"
43,"LW-17215"
10,"AJ-10795"
10,"TS-21610"
33,"PR-18880"
48,"SE-20110"
47,"JL-15130"
43,"SC-20440"
43,"NF-18595"
10,"DB-12970"
2,"AS-10225"
27,"TB-21625"
27,"EH-14185"
36,"RA-19915"
47,"EM-14065"
3,"AS-10045"
27,"VG-21805"
22,"CT-11995"
5,"AP-10720"
34,"DH-13675"
27,"JK-15640"
24,"TC-21535"
12,"DB-13210"
44,"SO-20335"
32,"TS-21085"
43,"EB-14110"
34,"NC-18535"
4,"FM-14380"
22,"CL-11890"
22,"KT-16480"
27,"Co-12640"
42,"DK-12835"
24,"LH-17020"
30,"BT-11305"
33,"MO-17500"
43,"SG-20605"
47,"RD-19810"
44,"AH-10075"
36,"MH-18115"
32,"NZ-18565"
27,"GB-14575"
27,"SC-20770"
31,"PG-18820"
10,"CC-12370"
43,"JF-15355"
27,"EB-14110"
27,"TS-21610"
31,"SS-20515"
27,"CS-11950"
43,"RA-19285"
12,"JD-15790"
33,"DF-13135"
24,"PK-19075"
33,"CM-12190"
43,"AB-10165"
24,"ME-18010"
27,"RW-19690"
43,"EP-13915"
34,"AG-10390"
33,"VF-21715"
43,"VP-21760"
24,"TS-21505"
44,"DL-13315"
27,"AR-10345"
28,"FH-14365"
17,"LW-17125"
32,"TN-21040"
49,"EB-13750"
7,"GB-14530"
24,"BS-11755"
28,"NM-18520"
23,"SC-20575"
43,"BF-11170"
3,"LS-17245"
43,"ME-18010"
33,"MH-17455"
47,"GB-14530"
43,"RD-19660"
35,"MY-18295"
30,"SH-19975"
47,"TT-21460"
33,"BS-11665"
47,"MY-18295"
10,"TB-21055"
43,"TS-21505"
24,"GM-14455"
43,"LS-17200"
13,"SB-20290"
10,"RA-19915"
38,"Dp-13240"
8,"AG-10300"
36,"KC-16255"
25,"FM-14380"
24,"GG-14650"
34,"DC-13285"
34,"BW-11200"
28,"Dp-13240"
34,"RS-19420"
33,"KT-16465"
30,"RP-19390"
5,"PH-18790"
2,"BF-11005"
47,"AB-10015"
28,"JF-15490"
43,"LC-16930"
28,"JB-16000"
25,"JM-15265"
24,"CK-12595"
47,"HP-14815"
12,"DB-13060"
47,"RP-19855"
33,"CV-12295"
12,"AF-10870"
10,"CG-12040"
47,"CG-12520"
25,"CC-12100"
24,"CS-11860"
47,"BB-11545"
27,"PB-19105"
26,"AC-10450"
3,"CB-12535"
38,"JG-15805"
49,"DH-13075"
25,"MC-17590"
33,"VG-21805"
28,"AM-10705"
10,"CM-12655"
10,"TB-21520"
8,"RD-19480"
10,"SC-20725"
3,"JM-15250"
46,"GA-14725"
47,"TB-21520"
27,"RL-19615"
43,"KB-16585"
3,"ML-18265"
28,"MC-17575"
24,"JR-16210"
27,"GA-14725"
28,"DP-13105"
10,"SC-20440"
33,"QJ-19255"
39,"GM-14455"
32,"CP-12085"
43,"CC-12220"
43,"JJ-15445"
28,"AJ-10795"
17,"SJ-20500"
2,"RC-19825"
22,"HA-14905"
43,"AS-10630"
3,"TB-21175"
42,"SM-20950"
10,"BV-11245"
26,"AW-10930"
43,"AW-10840"
47,"LS-16945"
5,"CR-12820"
33,"RF-19345"
25,"AR-10405"
47,"CC-12370"
25,"SD-20485"
43,"CC-12475"
34,"LC-17140"
34,"JM-15865"
33,"SP-20920"
44,"MM-18280"
47,"TH-21235"
43,"SJ-20215"
41,"ML-17395"
5,"CC-12670"
46,"MC-17425"
2,"KN-16705"
30,"JE-16165"
6,"QJ-19255"
27,"BS-11665"
47,"PG-18895"
27,"TT-21070"
27,"MJ-17740"
10,"LW-17215"
24,"NG-18355"
43,"GA-14515"
36,"CS-12460"
10,"Dp-13240"
27,"AI-10855"
24,"JA-15970"
21,"MA-17995"
28,"AH-10585"
10,"CA-12265"
43,"FO-14305"
26,"SP-20860"
3,"TS-21205"
43,"LE-16810"
24,"CS-12505"
28,"EB-13840"
47,"JP-15520"
47,"FP-14320"
14,"DB-13555"
27,"VT-21700"
10,"EB-13750"
44,"PN-18775"
34,"SH-20395"
10,"MM-18280"
5,"MJ-17740"
43,"SS-20140"
33,"CS-12400"
3,"ER-13855"
43,"BO-11350"
27,"DB-13210"
2,"LC-16870"
4,"SU-20665"
43,"JE-15610"
43,"FG-14260"
17,"RB-19465"
16,"KM-16225"
33,"CM-12385"
47,"MD-17350"
44,"CS-12175"
36,"JG-15160"
5,"LW-16825"
12,"AT-10735"
20,"ML-17755"
47,"GT-14710"
25,"CH-12070"
10,"DS-13180"
5,"EH-14005"
43,"HP-14815"
4,"JS-16030"
43,"JL-15505"
43,"RB-19645"
34,"AB-10060"
22,"EH-13765"
43,"CP-12340"
28,"SC-20230"
28,"AC-10450"
47,"LT-17110"
43,"DM-12955"
43,"BK-11260"
28,"SW-20455"
43,"PC-19000"
10,"CC-12430"
24,"DM-13345"
43,"BC-11125"
43,"TH-21100"
12,"CR-12625"
23,"AH-10075"
27,"RB-19465"
5,"LC-16960"
33,"FH-14350"
26,"JC-16105"
25,"RW-19540"
24,"NP-18700"
43,"FP-14320"
17,"AT-10735"
43,"GZ-14470"
35,"KH-16630"
24,"NM-18520"
33,"SW-20245"
46,"TP-21130"
47,"SJ-20125"
47,"GH-14485"
10,"MW-18220"
33,"EP-13915"
17,"MP-17965"
34,"ME-17320"
14,"EP-13915"
25,"DM-12955"
46,"DO-13435"
27,"DP-13105"
5,"GM-14500"
47,"LH-17020"
10,"NP-18325"
10,"BC-11125"
38,"RH-19510"
47,"VP-21760"
33,"RO-19780"
47,"NC-18535"
10,"TG-21310"
33,"CS-11845"
47,"DA-13450"
3,"BW-11110"
1,"CD-12790"
43,"BT-11395"
27,"CL-12565"
23,"CW-11905"
10,"PN-18775"
42,"JO-15550"
47,"AB-10105"
28,"SG-20080"
33,"CK-12760"
2,"SO-20335"
24,"EA-14035"
34,"DA-13450"
42,"SS-20590"
21,"NP-18685"
2,"BT-11440"
5,"NB-18655"
24,"JS-15595"
27,"AG-10900"
16,"CP-12085"
9,"KW-16570"
43,"JG-15160"
38,"PB-18805"
25,"SW-20350"
39,"AB-10060"
43,"HK-14890"
5,"CK-12760"
39,"TB-21520"
48,"SC-20380"
10,"VP-21730"
10,"MC-18100"
27,"SM-20320"
43,"NS-18505"
43,"JO-15550"
33,"HW-14935"
28,"NP-18670"
43,"LR-16915"
13,"AP-10915"
28,"SR-20740"
10,"DH-13075"
27,"LR-17035"
27,"DS-13180"
24,"SP-20920"
34,"JJ-15760"
48,"NS-18640"
22,"BD-11605"
7,"SV-20365"
47,"DS-13180"
28,"SC-20680"
33,"MS-17365"
31,"KC-16675"
8,"RB-19645"
2,"ER-13855"
47,"KN-16705"
32,"GH-14410"
7,"TS-21370"
28,"LC-17140"
43,"AS-10285"
21,"SC-20695"
24,"SV-20365"
47,"PV-18985"
34,"GZ-14470"
47,"MG-17650"
27,"JF-15565"
21,"VP-21760"
3,"JH-15985"
5,"VG-21790"
49,"CA-11965"
47,"CY-12745"
47,"PS-18760"
10,"HL-15040"
5,"DB-13405"
47,"MP-17965"
47,"SV-20935"
27,"DK-13225"
3,"RH-19555"
3,"TT-21460"
3,"HK-14890"
27,"Dp-13240"
9,"MH-18025"
31,"KH-16330"
10,"JH-15820"
12,"GK-14620"
21,"RD-19900"
46,"RC-19960"
30,"IM-15070"
24,"FM-14215"
44,"TS-21205"
2,"CL-12700"
47,"FO-14305"
43,"EM-13810"
36,"FO-14305"
10,"EB-14110"
20,"BV-11245"
45,"BG-11695"
10,"SH-20395"
47,"PJ-18835"
35,"DN-13690"
30,"LS-17200"
14,"HL-15040"
33,"RF-19735"
42,"YC-21895"
28,"CS-12355"
33,"SE-20110"
25,"JF-15295"
10,"CK-12205"
22,"JW-15220"
47,"BE-11335"
24,"JK-15730"
46,"CK-12205"
44,"HK-14890"
5,"JD-15790"
6,"SV-20785"
12,"ML-17395"
47,"RP-19270"
43,"RD-19900"
43,"RS-19420"
33,"MY-17380"
5,"LR-16915"
10,"VB-21745"
27,"CC-12220"
26,"DV-13465"
44,"CY-12745"
33,"GM-14500"
28,"ZC-21910"
17,"RC-19825"
27,"JD-15895"
43,"RH-19510"
2,"BP-11185"
44,"JL-15130"
3,"BN-11470"
3,"CC-12685"
20,"LC-16870"
24,"BM-11785"
5,"MF-17665"
10,"SL-20155"
27,"DK-12835"
5,"AC-10450"
28,"SS-20590"
34,"GM-14695"
46,"SE-20110"
43,"CM-12655"
28,"DS-13030"
23,"JG-15310"
8,"NM-18445"
26,"BF-11215"
24,"JH-15430"
10,"EH-14185"
47,"LC-17050"
7,"EM-14140"
33,"RE-19450"
47,"AS-10630"
3,"RM-19375"
47,"JD-15790"
22,"RM-19675"
10,"AA-10315"
43,"JP-16135"
43,"AW-10930"
27,"BG-11740"
24,"SV-20935"
10,"JL-15130"
47,"DK-13090"
43,"JD-15895"
9,"CY-12745"
28,"TS-21430"
27,"AD-10180"
3,"LW-16990"
10,"GB-14530"
5,"DB-13120"
27,"JC-15775"
32,"PC-19000"
10,"SG-20470"
17,"CD-12790"
24,"TB-21055"
5,"SC-20050"
43,"PC-18745"
43,"BW-11200"
28,"CP-12340"
28,"MC-17275"
47,"RB-19435"
10,"SW-20245"
5,"BG-11740"
28,"SW-20755"
2,"EH-14005"
36,"PF-19225"
24,"JK-15205"
5,"SJ-20125"
27,"ON-18715"
49,"MH-18115"
5,"TB-21400"
32,"AI-10855"
3,"TH-21550"
10,"RD-19810"
42,"TM-21010"
7,"HE-14800"
34,"ML-17755"
25,"XP-21865"
27,"CM-12715"
47,"RS-19765"
1,"AG-10330"
25,"KD-16495"
42,"MC-17575"
5,"LF-17185"
43,"PV-18985"
43,"JD-16150"
27,"BP-11290"
47,"AH-10465"
36,"TS-21160"
47,"MS-17770"
33,"ML-17755"
4,"CS-11950"
28,"PF-19165"
47,"MT-17815"
3,"LH-16750"
21,"MH-17455"
43,"MC-17605"
10,"MY-17380"
30,"AG-10900"
10,"RM-19675"
46,"EM-13960"
15,"BF-11215"
7,"JC-15775"
43,"BD-11620"
43,"ZC-21910"
34,"AJ-10780"
43,"JK-15205"
10,"DJ-13630"
43,"MO-17800"
47,"SS-20875"
24,"SK-19990"
43,"CC-12100"
25,"AG-10495"
28,"BW-11110"
5,"LC-16885"
36,"DC-13285"
47,"LS-17230"
25,"BE-11335"
47,"KL-16645"
10,"RF-19345"
25,"PM-18940"
3,"SF-20065"
24,"CS-12490"
1,"RB-19465"
5,"TC-21295"
36,"KF-16285"
35,"SV-20785"
43,"LH-17020"
30,"BM-11650"
24,"SP-20650"
10,"SV-20365"
43,"MW-18235"
27,"MG-17680"
5,"PA-19060"
22,"SF-20065"
35,"RP-19390"
27,"MC-17605"
10,"CM-12235"
24,"JM-15655"
22,"RR-19525"
28,"MC-17845"
5,"BW-11200"
3,"MD-17860"
47,"MV-18190"
45,"SS-20590"
10,"AR-10825"
5,"TG-21640"
33,"CS-12250"
10,"RE-19450"
27,"MS-17980"
24,"RF-19840"
10,"SK-19990"
43,"JW-15220"
12,"NB-18655"
33,"CC-12670"
49,"RH-19600"
33,"HD-14785"
36,"YS-21880"
43,"AT-10735"
31,"CL-12700"
27,"HM-14860"
30,"SS-20515"
47,"ME-18010"
10,"SV-20935"
44,"AB-10165"
36,"JH-15910"
27,"RS-19870"
3,"DB-13210"
27,"MR-17545"
43,"KL-16645"
43,"MS-17365"
43,"TN-21040"
30,"BE-11410"
47,"SF-20965"
28,"DB-13060"
32,"CY-12745"
28,"JC-15775"
17,"JF-15190"
43,"TR-21325"
33,"JS-15595"
5,"RD-19720"
27,"CB-12025"
24,"BM-11650"
7,"SS-20515"
47,"DM-13015"
46,"KB-16585"
43,"AR-10825"
33,"SJ-20125"
33,"JF-15415"
10,"FW-14395"
46,"RB-19705"
8,"KM-16720"
44,"SH-19975"
47,"GM-14500"
43,"RC-19825"
43,"DC-13285"
43,"AP-10915"
12,"GH-14410"
47,"HZ-14950"
47,"AM-10360"
39,"TS-21505"
10,"TC-21535"
28,"SC-20260"
24,"MP-18175"
16,"LS-17245"
38,"DO-13435"
43,"JO-15280"
44,"LR-16915"
27,"TP-21415"
3,"SM-20950"
43,"DB-13210"
24,"JL-15835"
28,"PP-18955"
31,"JO-15145"
43,"HH-15010"
47,"DB-13660"
28,"AR-10825"
28,"SC-20725"
10,"RH-19495"
49,"JW-15220"
43,"MC-18130"
33,"SJ-20215"
7,"LH-16900"
27,"JF-15190"
44,"DD-13570"
16,"EL-13735"
43,"GM-14440"
10,"LM-17065"
47,"EH-14185"
28,"DK-13375"
10,"TB-21625"
30,"TS-21655"
16,"RB-19435"
3,"TB-21280"
27,"JD-16150"
35,"AJ-10780"
28,"GG-14650"
33,"BH-11710"
5,"BF-11020"
27,"NB-18580"
39,"RF-19345"
4,"HG-14965"
10,"DK-13225"
10,"NM-18520"
23,"TH-21115"
33,"ME-17320"
46,"KH-16690"
32,"EP-13915"
18,"EM-13825"
24,"IL-15100"
24,"BB-10990"
5,"BB-11545"
44,"AH-10465"
10,"PO-18865"
3,"PS-19045"
24,"NS-18640"
43,"DB-13660"
25,"LD-17005"
24,"LF-17185"
43,"LC-17140"
10,"PB-19150"
49,"KN-16705"
46,"KH-16330"
35,"BB-11545"
44,"PJ-18835"
27,"LH-16750"
45,"KM-16225"
24,"SS-20875"
31,"TB-21175"
33,"AM-10705"
36,"DB-12910"
34,"RB-19435"
10,"MH-17785"
32,"JM-15865"
28,"NC-18535"
3,"FM-14380"
47,"PT-19090"
10,"AH-10030"
10,"JG-15160"
47,"GZ-14470"
5,"JE-15610"
47,"CC-12610"
38,"JM-16195"
47,"RA-19285"
24,"AM-10360"
42,"DK-13090"
47,"TC-21295"
17,"JR-15670"
2,"SP-20620"
33,"CK-12595"
24,"FH-14350"
27,"AB-10060"
5,"SC-20575"
43,"KM-16225"
47,"LS-16975"
42,"SP-20650"
43,"CC-12145"
27,"AG-10270"
26,"AA-10315"
43,"SC-20680"
13,"GB-14575"
17,"NG-18355"
34,"EB-13840"
23,"AR-10540"
10,"AS-10135"
47,"HG-15025"
47,"HG-14965"
27,"CK-12205"
3,"LH-16900"
33,"KD-16345"
43,"DP-13390"
25,"AJ-10945"
47,"EA-14035"
10,"NM-18445"
33,"PS-18970"
27,"TS-21160"
10,"AH-10195"
43,"NK-18490"
47,"JH-15910"
28,"GT-14710"
28,"IG-15085"
5,"SL-20155"
43,"MC-17635"
47,"DO-13645"
43,"PO-19195"
10,"TC-21295"
31,"HG-14965"
27,"KE-16420"
10,"PK-19075"
24,"NF-18385"
32,"BF-11275"
24,"AC-10660"
47,"XP-21865"
46,"DK-12835"
25,"BS-11755"
43,"MP-18175"
10,"TM-21490"
5,"PW-19030"
7,"KL-16645"
3,"ZC-21910"
9,"CS-12250"
47,"KT-16465"
16,"AA-10480"
12,"DG-13300"
22,"GP-14740"
28,"NK-18490"
31,"DB-12910"
33,"SD-20485"
10,"AH-10690"
43,"MS-17530"
5,"JB-15400"
33,"MC-17575"
43,"HG-15025"
33,"CY-12745"
8,"LW-16990"
5,"HF-14995"
3,"CC-12370"
10,"MZ-17515"
43,"SM-20320"
12,"TS-21205"
10,"SW-20755"
49,"KC-16255"
32,"DO-13435"
24,"ST-20530"
1,"AR-10510"
10,"AR-10510"
24,"TB-21520"
44,"KB-16240"
27,"EH-14005"
33,"SC-20575"
10,"LS-16975"
47,"MC-17845"
5,"SO-20335"
47,"KN-16450"
27,"DJ-13510"
43,"VS-21820"
15,"AW-10840"
10,"FP-14320"
21,"VM-21835"
28,"CC-12430"
43,"PA-19060"
44,"DB-13060"
43,"PF-19165"
1,"TM-21490"
33,"NP-18700"
43,"SR-20740"
28,"TG-21310"
33,"NF-18385"
45,"TA-21385"
10,"TW-21025"
43,"JM-15655"
31,"CG-12520"
43,"EH-14005"
25,"CA-12775"
10,"EH-13765"
43,"NS-18640"
8,"LC-16930"
28,"KB-16405"
22,"SC-20440"
34,"FO-14305"
10,"FG-14260"
32,"BB-10990"
5,"VM-21835"
43,"GT-14755"
7,"BH-11710"
39,"VM-21835"
21,"SR-20740"
5,"DV-13045"
33,"BT-11440"
35,"KM-16225"
25,"MH-18115"
28,"KH-16510"
28,"MH-18025"
24,"DC-12850"
5,"BH-11710"
10,"GM-14680"
32,"MS-17365"
10,"KN-16390"
25,"NH-18610"
10,"AG-10525"
13,"JF-15355"
3,"JL-15130"
24,"MH-18115"
24,"MS-17530"
27,"AA-10645"
47,"KW-16435"
7,"SC-20725"
29,"CW-11905"
5,"SC-20095"
24,"AF-10885"
10,"KB-16405"
28,"EH-13990"
3,"AB-10600"
43,"PF-19225"
34,"MW-18235"
36,"MP-17470"
44,"MH-18025"
47,"JL-15850"
47,"NS-18640"
5,"HR-14830"
43,"KT-16465"
28,"KB-16600"
43,"JS-15685"
22,"KB-16585"
43,"LA-16780"
32,"JA-15970"
43,"RA-19885"
28,"CS-12130"
4,"SN-20710"
28,"DW-13585"
24,"LM-17065"
28,"ME-17725"
17,"AA-10480"
10,"NC-18415"
39,"EM-13810"
10,"RR-19525"
24,"TS-21160"
43,"NB-18655"
10,"JF-15490"
33,"BD-11500"
14,"CK-12325"
5,"DR-12880"
5,"AH-10690"
43,"SP-20860"
34,"DK-12835"
2,"ME-17725"
24,"BT-11530"
47,"GT-14755"
10,"PO-19180"
27,"KM-16225"
43,"AH-10030"
36,"CK-12595"
32,"GH-14425"
10,"JO-15145"
46,"DB-13270"
36,"JB-16045"
44,"JL-15175"
27,"ES-14080"
10,"SC-20380"
32,"HJ-14875"
12,"LT-17110"
47,"VB-21745"
24,"NP-18685"
47,"MM-17920"
31,"JM-16195"
43,"PG-18895"
17,"RS-19420"
10,"CS-12250"
30,"EB-13930"
33,"FG-14260"
48,"JD-16150"
33,"JS-16030"
43,"CT-11995"
44,"MB-17305"
26,"MH-17455"
33,"PJ-18835"
9,"HG-15025"
2,"SH-19975"
43,"NP-18685"
8,"JM-15865"
10,"GM-14500"
43,"GG-14650"
47,"JS-15940"
24,"HG-14965"
10,"LR-17035"
10,"SG-20605"
43,"JM-15250"
24,"KH-16630"
12,"TW-21025"
33,"MC-17605"
43,"MK-17905"
27,"DM-13015"
21,"RA-19915"
43,"YS-21880"
4,"JK-15625"
16,"RD-19660"
27,"BD-11620"
26,"CS-12250"
21,"DP-13000"
25,"SC-20695"
47,"MV-17485"
27,"FM-14290"
43,"HJ-14875"
47,"CS-11860"
33,"TP-21130"
24,"MS-17710"
10,"PS-18970"
47,"LC-16885"
13,"GB-14530"
43,"TS-21655"
33,"NS-18640"
35,"MD-17860"
22,"MP-17965"
33,"LT-17110"
10,"BO-11425"
10,"JK-16120"
10,"PO-19195"
24,"CA-12055"
44,"VP-21760"
33,"EB-13930"
17,"Dp-13240"
47,"BM-11785"
27,"AH-10195"
10,"TB-21355"
47,"PO-19180"
47,"SJ-20215"
43,"CJ-12010"
5,"MS-17365"
36,"PB-19105"
44,"RR-19525"
27,"SF-20200"
24,"BT-11680"
43,"DB-12910"
47,"ON-18715"
3,"KH-16630"
43,"SJ-20500"
22,"FG-14260"
33,"RD-19930"
43,"LD-17005"
47,"MP-17470"
5,"SS-20875"
28,"Dl-13600"
21,"BF-10975"
47,"SC-20380"
31,"DK-12985"
21,"SF-20200"
47,"TP-21565"
43,"SJ-20125"
43,"BD-11725"
33,"XP-21865"
10,"CD-12280"
5,"SC-20695"
24,"KB-16315"
43,"JL-15235"
28,"KH-16630"
34,"EH-14125"
43,"PB-18805"
7,"IL-15100"
44,"VD-21670"
43,"KM-16660"
34,"TB-21400"
47,"SC-20800"
47,"MZ-17515"
44,"KE-16420"
10,"AD-10180"
27,"MG-17650"
33,"KB-16600"
43,"AS-10045"
46,"TP-21565"
43,"PJ-19015"
22,"FM-14380"
22,"AR-10345"
43,"CC-12370"
27,"CT-11995"
27,"AS-10630"
13,"JD-15895"
17,"RP-19390"
24,"MW-18220"
5,"JR-16210"
43,"MY-17380"
10,"RB-19465"
49,"JK-15370"
46,"SL-20155"
35,"BT-11680"
46,"AH-10120"
43,"GR-14560"
43,"MA-17995"
12,"BF-10975"
28,"GM-14500"
45,"RH-19510"
44,"DC-12850"
24,"KL-16555"
28,"VW-21775"
36,"RB-19645"
33,"PF-19165"
33,"TD-20995"
5,"EH-14185"
47,"TB-21595"
44,"BV-11245"
5,"BM-11785"
27,"DL-13315"
43,"MF-18250"
5,"DB-13555"
27,"JP-16135"
43,"TB-21250"
32,"MV-17485"
28,"MO-17800"
45,"RR-19525"
28,"SH-19975"
34,"NF-18385"
33,"MM-18055"
46,"JA-15970"
3,"MH-17455"
26,"SC-20095"
47,"ME-17320"
19,"DA-13450"
43,"DV-13465"
36,"JP-16135"
33,"MO-17800"
28,"SS-20875"
27,"DL-13495"
28,"PL-18925"
28,"IM-15070"
3,"DB-13615"
10,"NF-18595"
43,"JF-15490"
24,"CB-12535"
28,"SF-20200"
27,"QJ-19255"
43,"IM-15055"
26,"QJ-19255"
33,"JL-15235"
47,"CD-11980"
24,"CS-12355"
12,"TC-21145"
43,"EB-13975"
43,"GH-14425"
35,"ON-18715"
43,"JC-15775"
38,"MJ-17740"
4,"MC-17845"
10,"JL-15835"
34,"KH-16510"
47,"SC-20725"
46,"TB-21520"
49,"ND-18460"
12,"JK-15325"
12,"Dp-13240"
25,"AB-10105"
24,"HG-15025"
3,"SG-20470"
34,"TW-21025"
43,"JS-15595"
43,"CV-12805"
47,"MB-17305"
43,"TC-21295"
25,"SW-20275"
33,"MK-17905"
33,"RH-19600"
10,"BP-11095"
33,"TB-21250"
2,"TS-21505"
1,"HW-14935"
47,"AH-10210"
27,"KD-16495"
43,"PW-19030"
25,"JL-15505"
2,"JH-16180"
10,"LC-16885"
12,"GZ-14470"
27,"BW-11065"
5,"DR-12940"
47,"CA-12310"
43,"EJ-14155"
24,"BD-11635"
24,"JE-15715"
36,"NH-18610"
10,"NS-18640"
5,"VD-21670"
47,"AG-10900"
43,"NC-18415"
27,"MM-17920"
10,"SJ-20125"
47,"LA-16780"
31,"DW-13585"
28,"AI-10855"
4,"MT-17815"
5,"NF-18475"
43,"HM-14980"
22,"KM-16720"
10,"CM-12190"
47,"DD-13570"
47,"NB-18655"
10,"TT-21265"
10,"LO-17170"
25,"JL-15835"
25,"JH-15820"
8,"TS-21205"
10,"BS-11380"
33,"GH-14665"
25,"LH-17155"
32,"MF-17665"
10,"DR-12880"
47,"GW-14605"
34,"AG-10675"
14,"JE-15745"
49,"SR-20425"
2,"EH-14125"
5,"SA-20830"
2,"TC-21295"
47,"AC-10420"
5,"BT-11680"
47,"KT-16480"
33,"Co-12640"
30,"MS-17365"
22,"AA-10645"
21,"SG-20605"
47,"JM-15250"
32,"AB-10105"
43,"VM-21835"
28,"BF-11020"
35,"KN-16450"
34,"RC-19825"
47,"AG-10495"
27,"RB-19330"
28,"JS-15880"
2,"JR-15670"
43,"KN-16450"
3,"FM-14215"
20,"DE-13255"
43,"CM-12190"
22,"SC-20260"
22,"TH-21550"
28,"DB-13615"
33,"BP-11050"
10,"CK-12760"
47,"SF-20065"
43,"PR-18880"
35,"CM-12160"
10,"Dl-13600"
5,"JL-15235"
43,"JL-15130"
47,"FC-14335"
28,"FG-14260"
25,"TH-21550"
10,"RS-19765"
26,"GZ-14470"
33,"LW-17215"
12,"SD-20485"
25,"DC-12850"
28,"BV-11245"
49,"AS-10225"
7,"MM-17260"
33,"DL-13315"
43,"JB-16045"
43,"DB-13360"
44,"JE-15745"
43,"LP-17080"
43,"CD-12790"
44,"FH-14365"
43,"SC-20095"
15,"AB-10255"
25,"JB-16000"
32,"DB-13615"
36,"CM-12385"
3,"SM-20320"
28,"YS-21880"
28,"FH-14350"
12,"BP-11155"
5,"MH-18115"
7,"CB-12535"
43,"EB-13705"
43,"BF-11005"
43,"EK-13795"
10,"MP-18175"
47,"MC-17590"
24,"KH-16330"
10,"ND-18370"
43,"SE-20110"
10,"MC-17590"
4,"CB-12535"
11,"EH-14125"
3,"EM-14065"
43,"BE-11335"
21,"TB-21595"
34,"PM-18940"
24,"DB-13360"
12,"CB-12025"
34,"MV-17485"
28,"LB-16795"
43,"RP-19855"
28,"PS-18970"
12,"MB-18085"
43,"AG-10390"
10,"EB-13840"
47,"CA-12055"
25,"GA-14725"
27,"JA-15970"
27,"HR-14830"
43,"AF-10870"
25,"VP-21730"
31,"TP-21130"
10,"SB-20185"
43,"MC-17590"
10,"NC-18340"
28,"HJ-14875"
10,"VW-21775"
43,"JK-15640"
47,"BF-11005"
34,"TT-21070"
24,"GA-14725"
27,"DB-13270"
24,"PJ-19015"
43,"MG-18145"
49,"AM-10705"
47,"DW-13540"
2,"LB-16795"
15,"DL-13330"
10,"JC-15340"
43,"SB-20185"
10,"DB-13120"
46,"DK-12985"
35,"MN-17935"
24,"MB-17305"
47,"TB-21355"
43,"DW-13480"
47,"SD-20485"
47,"DW-13195"
47,"KB-16240"
43,"DB-13615"
10,"KA-16525"
32,"MZ-17335"
33,"MC-18100"
4,"AR-10405"
36,"SV-20785"
6,"RM-19375"
33,"PT-19090"
43,"JB-16000"
28,"MM-18055"
43,"JL-15835"
47,"PG-18820"
47,"SG-20890"
43,"EH-14125"
32,"EM-14140"
47,"PM-19135"
47,"EM-13825"
10,"FH-14365"
24,"AB-10255"
10,"JF-15415"
24,"LH-17155"
34,"MS-17770"
33,"SZ-20035"
8,"NW-18400"
49,"AP-10720"
49,"MC-17425"
47,"CM-12655"
10,"SM-20950"
3,"RR-19525"
25,"NG-18355"
10,"AH-10210"
24,"SF-20965"
10,"AS-10090"
10,"TH-21550"
47,"DB-12910"
24,"DE-13255"
8,"JL-15175"
47,"SC-20230"
25,"VB-21745"
22,"AJ-10780"
9,"MC-18130"
28,"LP-17080"
36,"PG-18820"
25,"KB-16600"
22,"EM-13810"
27,"JW-16075"
33,"LB-16795"
43,"CK-12205"
5,"DB-12910"
28,"JM-15580"
10,"JD-16150"
29,"AW-10930"
10,"KL-16645"
5,"SV-20815"
34,"LC-16960"
27,"ML-17410"
43,"LC-16870"
28,"BD-11770"
22,"AG-10300"
43,"KA-16525"
28,"RB-19360"
43,"JO-15145"
3,"CM-11935"
24,"SH-20395"
2,"IM-15070"
5,"AJ-10780"
44,"GW-14605"
49,"VW-21775"
12,"EH-13945"
47,"TS-21340"
32,"LP-17080"
47,"BF-11170"
47,"RE-19450"
12,"CA-12775"
27,"BN-11470"
7,"LS-17230"
33,"LO-17170"
33,"JW-16075"
47,"MT-18070"
33,"JS-15940"
17,"CP-12340"
10,"DC-12850"
32,"DL-13495"
43,"XP-21865"
47,"AS-10090"
28,"SC-20380"
27,"CC-12610"
49,"RA-19885"
43,"CA-12310"
27,"AH-10030"
32,"ON-18715"
22,"Dp-13240"
7,"LE-16810"
7,"GR-14560"
2,"JE-15745"
43,"TS-21160"
43,"TM-21010"
22,"MA-17560"
27,"AS-10240"
32,"PB-19150"
36,"DJ-13420"
43,"AG-10300"
5,"JH-15910"
33,"MG-17875"
27,"JC-15340"
43,"TS-21370"
36,"MO-17800"
2,"BG-11695"
5,"GH-14425"
47,"JS-16030"
27,"JL-15835"
33,"BS-11380"
28,"DL-13495"
28,"JH-15985"
33,"AB-10600"
35,"DK-13090"
5,"JK-15370"
5,"AG-10495"
25,"BB-11545"
1,"AB-10150"
35,"BT-11485"
10,"MT-17815"
30,"MY-18295"
10,"DS-13030"
43,"JR-16210"
5,"RA-19885"
16,"BB-11545"
28,"CR-12580"
24,"DM-12955"
5,"RA-19285"
43,"FW-14395"
46,"ES-14080"
33,"TC-21475"
27,"JL-15850"
27,"AW-10930"
2,"LW-17215"
43,"EA-14035"
28,"AH-10210"
34,"SR-20740"
47,"JF-15355"
43,"JF-15565"
47,"LC-16930"
17,"AG-10900"
21,"SV-20785"
47,"CS-12250"
46,"SA-20830"
13,"PK-19075"
33,"BK-11260"
17,"TB-21625"
33,"RA-19915"
43,"TH-21235"
10,"JM-16195"
47,"AG-10330"
27,"LS-16945"
46,"AB-10105"
21,"SV-20815"
27,"MG-17695"
10,"GT-14635"
16,"JF-15415"
10,"KD-16270"
33,"LD-16855"
7,"MC-18130"
30,"HL-15040"
47,"CS-12130"
27,"FP-14320"
47,"DC-12850"
25,"JA-15970"
10,"CS-12355"
46,"DJ-13630"
27,"BH-11710"
27,"FO-14305"
32,"KT-16465"
35,"EL-13735"
43,"PK-18910"
21,"VF-21715"
36,"DM-13345"
43,"GM-14500"
3,"HA-14920"
10,"AB-10150"
27,"AS-10285"
10,"LC-16930"
4,"TM-21010"
33,"CR-12730"
14,"MF-18250"
27,"DD-13570"
43,"BS-11800"
47,"NZ-18565"
43,"DK-12835"
43,"SC-20050"
47,"KB-16585"
38,"AG-10270"
3,"BW-11065"
33,"AZ-10750"
8,"AH-10075"
43,"DP-13105"
9,"SW-20455"
40,"NC-18340"
30,"SP-20545"
21,"RK-19300"
2,"RB-19795"
24,"BS-11590"
21,"ZD-21925"
3,"SP-20650"
12,"KA-16525"
31,"JW-15955"
12,"RB-19435"
10,"RK-19300"
43,"TC-21535"
43,"LR-17035"
26,"ER-13855"
5,"DO-13435"
10,"DO-13435"
29,"EM-14140"
10,"NG-18355"
43,"EM-13825"
28,"LL-16840"
10,"RF-19840"
3,"NP-18685"
10,"DP-13000"
10,"DK-13090"
43,"CS-11950"
43,"MB-18085"
10,"DK-12835"
27,"OT-18730"
27,"HA-14920"
3,"NC-18415"
10,"PF-19165"
10,"TB-21175"
14,"LH-16900"
35,"KB-16585"
10,"AJ-10960"
30,"DP-13390"
43,"ML-17410"
3,"GA-14725"
24,"JS-15940"
43,"SC-20305"
10,"AB-10255"
3,"MV-18190"
47,"EH-13945"
10,"ST-20530"
47,"JL-15505"
3,"JL-15835"
10,"MA-17995"
47,"PO-18850"
32,"HR-14830"
43,"ON-18715"
43,"AR-10540"
10,"AC-10615"
10,"TA-21385"
28,"CC-12670"
25,"SC-20680"
5,"PJ-19015"
47,"AB-10255"
27,"PL-18925"
12,"HM-14860"
3,"AA-10480"
34,"VG-21805"
36,"RD-19585"
33,"SB-20185"
47,"CC-12550"
24,"DR-12880"
10,"TT-21070"
27,"CG-12040"
36,"AR-10570"
33,"HA-14905"
28,"AB-10165"
10,"MA-17560"
10,"AR-10540"
44,"RB-19360"
45,"BT-11395"
47,"BD-11770"
33,"FH-14275"
27,"EJ-13720"
43,"GM-14695"
21,"AJ-10945"
10,"TM-21010"
43,"LS-16975"
24,"HZ-14950"
43,"CR-12580"
33,"RD-19720"
5,"BV-11245"
10,"KM-16720"
43,"PS-18760"
25,"JH-15985"
43,"TB-21190"
5,"DC-13285"
34,"MA-17995"
9,"SV-20365"
43,"DN-13690"
27,"GM-14500"
33,"HE-14800"
10,"MM-17920"
43,"SG-20470"
4,"SJ-20125"
27,"SF-20065"
32,"MB-17305"
47,"RB-19705"
34,"AG-10900"
18,"CA-11965"
47,"MS-17830"
43,"DS-13180"
10,"JL-15505"
10,"DB-13405"
25,"MP-17965"
36,"AP-10915"
43,"JW-15955"
21,"RW-19690"
34,"EM-14095"
27,"BD-11605"
32,"AC-10450"
12,"JP-15460"
28,"TR-21325"
25,"RW-19630"
8,"MC-17845"
28,"HR-14830"
32,"AH-10120"
24,"AG-10390"
10,"JP-16135"
32,"LP-17095"
25,"OT-18730"
28,"KA-16525"
18,"JL-15505"
43,"DJ-13420"
28,"PB-19150"
25,"KW-16435"
31,"JL-15835"
27,"SP-20545"
22,"HD-14785"
20,"BE-11455"
34,"CA-12265"
43,"DB-12970"
43,"SH-20635"
33,"JJ-15445"
34,"EB-13750"
34,"PG-18895"
24,"RR-19525"
34,"LW-17125"
47,"MH-17440"
43,"KD-16345"
43,"BN-11515"
10,"MC-17425"
32,"ES-14080"
31,"PJ-18835"
14,"IG-15085"
33,"HA-14920"
7,"TT-21220"
2,"JM-15580"
3,"RL-19615"
34,"MM-17920"
28,"MZ-17335"
2,"SV-20785"
5,"SC-20260"
10,"PF-19120"
32,"TW-21025"
43,"MG-17680"
30,"MK-17905"
2,"HM-14860"
10,"SO-20335"
1,"PB-19210"
43,"CM-12445"
48,"DP-13105"
47,"DK-13375"
27,"CA-12775"
21,"AG-10765"
33,"SP-20545"
25,"AH-10690"
10,"CP-12085"
24,"SW-20245"
47,"RW-19630"
20,"RD-19585"
24,"NZ-18565"
10,"BT-11530"
47,"AR-10345"
10,"BS-11365"
10,"DB-13270"
10,"EG-13900"
7,"HL-15040"
15,"TS-21505"
47,"DK-12835"
43,"RB-19360"
43,"KD-16270"
33,"BP-11095"
10,"DM-13345"
43,"LC-16885"
43,"GB-14530"
43,"HR-14770"
43,"RD-19720"
43,"EB-13870"
33,"DR-12940"
28,"RD-19900"
43,"KF-16285"
47,"CC-12145"
30,"CG-12040"
43,"EM-13960"
4,"SC-20800"
5,"CS-12355"
34,"KH-16690"
27,"KN-16390"
31,"ME-17320"
23,"SS-20140"
10,"IM-15070"
27,"TH-21235"
17,"RD-19720"
47,"GA-14515"
43,"CL-11890"
31,"BO-11425"
22,"AP-10720"
33,"RW-19630"
43,"AJ-10945"
47,"TP-21415"
36,"PF-19165"
44,"DM-13015"
43,"SC-20260"
33,"SG-20605"
26,"CM-12190"
24,"MS-17770"
10,"EB-13870"
29,"JO-15280"
43,"YC-21895"
2,"RP-19390"
10,"JE-15715"
47,"AA-10315"
43,"LF-17185"
43,"MS-17830"
17,"JF-15490"
28,"RB-19465"
27,"EB-13705"
32,"RD-19720"
29,"LS-17200"
31,"CC-12220"
20,"TM-21010"
13,"JE-16165"
33,"TM-21010"
26,"GH-14410"
23,"DR-12940"
33,"LH-16900"
24,"CY-12745"
12,"JM-15655"
43,"AJ-10960"
12,"BB-11545"
32,"RF-19345"
32,"BC-11125"
21,"LP-17095"
9,"AC-10450"
36,"EM-13825"
24,"LC-16885"
43,"CS-12355"
47,"MO-17500"
30,"PV-18985"
43,"IG-15085"
27,"PW-19240"
43,"PJ-18835"
47,"SS-20140"
28,"DW-13540"
2,"DS-13030"
14,"SJ-20125"
1,"BO-11350"
43,"DB-13270"
43,"KC-16255"
43,"JM-15865"
27,"EA-14035"
27,"HD-14785"
7,"TH-21115"
38,"EB-13870"
27,"LS-17200"
36,"AG-10675"
32,"CM-12235"
47,"DH-13075"
27,"CL-11890"
47,"EB-13750"
28,"PO-19180"
14,"TB-21190"
24,"MM-17920"
24,"CP-12085"
5,"TS-21085"
1,"BD-11320"
35,"JM-15250"
14,"LM-17065"
47,"MH-17620"
28,"TC-20980"
24,"DB-13555"
28,"DK-13090"
43,"CC-12670"
15,"MA-17995"
47,"DP-13000"
10,"BW-11200"
34,"AH-10690"
27,"NB-18655"
10,"CS-11950"
27,"BP-11155"
46,"JH-15430"
17,"SC-20380"
33,"DB-13060"
34,"ND-18460"
43,"LW-17125"
28,"SJ-20125"
43,"EB-13750"
44,"LP-17095"
43,"HF-14995"
36,"DL-13315"
28,"RS-19420"
10,"KB-16600"
27,"TS-21430"
27,"MW-18220"
10,"DP-13105"
26,"MP-17470"
17,"SM-20950"
25,"DL-13495"
39,"MG-17890"
26,"NC-18340"
10,"BW-11110"
34,"KD-16270"
19,"TB-21280"
43,"BG-11740"
24,"LT-17110"
25,"AR-10540"
31,"DW-13480"
24,"EB-13705"
21,"PO-18865"
43,"SS-20590"
10,"SP-20650"
26,"GT-14710"
24,"RD-19810"
33,"AW-10930"
2,"KT-16480"
34,"LC-16870"
10,"BF-11020"
5,"AP-10915"
10,"HM-14860"
33,"SP-20860"
25,"PK-19075"
47,"MG-17875"
43,"SW-20245"
30,"JJ-15445"
2,"RA-19945"
32,"MH-17785"
47,"PA-19060"
33,"MA-17560"
7,"JJ-15445"
12,"DM-13345"
33,"JE-15745"
27,"NW-18400"
33,"SN-20710"
47,"AH-10690"
33,"TS-21370"
38,"AS-10225"
14,"KL-16555"
43,"DD-13570"
12,"SF-20065"
17,"CS-12355"
28,"EB-14170"
3,"YS-21880"
22,"KN-16390"
31,"AP-10915"
16,"RW-19630"
33,"NF-18475"
43,"LT-17110"
4,"VD-21670"
43,"BS-11755"
43,"SV-20785"
44,"ZD-21925"
2,"NP-18700"
24,"BE-11410"
5,"PG-18820"
21,"CC-12100"
26,"ON-18715"
10,"SP-20545"
10,"AH-10465"
10,"FH-14275"
28,"SE-20110"
22,"NC-18535"
46,"RD-19900"
24,"DO-13435"
3,"CH-12070"
30,"EM-14140"
43,"SC-20575"
21,"SC-20575"
14,"EH-14005"
28,"CM-12715"
24,"LT-16765"
2,"PO-19180"
4,"MH-17440"
47,"MR-17545"
10,"PW-19030"
10,"EA-14035"
17,"AT-10435"
33,"CR-12580"
36,"EC-14050"
43,"AD-10180"
21,"ZC-21910"
2,"FA-14230"
43,"DR-12880"
47,"JE-15715"
33,"RA-19285"
10,"SC-20260"
14,"DJ-13510"
26,"BO-11350"
43,"WB-21850"
1,"CL-12565"
24,"MH-17455"
10,"LL-16840"
34,"BD-11560"
44,"AA-10375"
47,"BC-11125"
43,"RA-19945"
47,"KM-16375"
43,"CK-12760"
24,"MG-17680"
43,"RD-19585"
47,"SC-20695"
26,"DC-13285"
43,"SO-20335"
24,"AR-10510"
24,"SC-20695"
38,"SC-20095"
43,"MT-18070"
33,"EH-13765"
32,"AG-10900"
47,"CR-12820"
36,"SC-20680"
22,"BF-11170"
43,"AR-10405"
10,"GW-14605"
43,"SC-20230"
34,"KM-16375"
10,"CD-11980"
27,"KB-16240"
47,"ES-14020"
47,"TH-21115"
10,"MO-17500"
43,"EC-14050"
34,"BD-11500"
3,"SU-20665"
43,"MC-17275"
10,"EM-13810"
44,"AS-10630"
5,"DK-13090"
43,"JE-15475"
24,"DM-13015"
20,"CS-12175"
5,"EM-13825"
16,"NZ-18565"
43,"SH-20395"
43,"MC-17575"
28,"GM-14680"
39,"HP-14815"
43,"KB-16315"
28,"RD-19720"
28,"MZ-17515"
47,"AB-10150"
27,"GB-14530"
33,"PA-19060"
43,"CS-12175"
21,"AC-10660"
5,"PB-19150"
33,"JH-15910"
28,"NP-18700"
2,"JM-16195"
43,"TD-20995"
46,"SG-20470"
27,"AG-10765"
27,"PK-18910"
33,"DP-13390"
33,"JD-16015"
28,"BN-11515"
43,"FM-14215"
1,"DN-13690"
32,"FO-14305"
15,"SV-20935"
47,"CM-12715"
47,"LS-17245"
43,"JD-15790"
47,"BF-11020"
32,"DM-12955"
43,"SM-20950"
10,"EH-14125"
10,"SP-20620"
47,"JK-16120"
36,"RA-19885"
31,"GW-14605"
31,"BD-11725"
5,"RB-19465"
25,"AA-10480"
27,"EM-13960"
28,"JK-15640"
18,"RB-19360"
36,"JF-15490"
3,"EA-14035"
12,"JD-15895"
5,"JS-15595"
44,"JO-15280"
47,"PB-19105"
47,"SP-20860"
47,"BB-10990"
13,"CL-12565"
43,"TT-21265"
43,"AA-10375"
28,"KC-16540"
23,"BE-11455"
43,"BD-11500"
47,"SJ-20500"
44,"RO-19780"
10,"DF-13135"
31,"LC-17050"
33,"ZC-21910"
10,"MS-17830"
20,"CL-12565"
27,"SD-20485"
25,"MA-17560"
21,"HF-14995"
43,"JE-16165"
10,"AZ-10750"
33,"NG-18430"
3,"NS-18640"
2,"MY-17380"
13,"SG-20470"
47,"CC-12685"
24,"EH-14125"
47,"JF-15565"
44,"LA-16780"
47,"AH-10075"
44,"TT-21070"
28,"RB-19570"
5,"CK-12205"
43,"DO-13645"
31,"AA-10645"
43,"TB-21625"
43,"JM-15580"
5,"EP-13915"
10,"TC-20980"
27,"NS-18505"
48,"NZ-18565"
34,"SA-20830"
43,"JL-15175"
43,"BP-11095"
31,"FM-14290"
28,"CC-12145"
43,"CS-12130"
2,"ZC-21910"
39,"LO-17170"
35,"LS-16975"
28,"TT-21070"
21,"VG-21805"
32,"SF-20200"
10,"JK-15625"
5,"EB-13870"
43,"BH-11710"
33,"JM-15265"
43,"DJ-13510"
5,"MK-18160"
15,"SJ-20500"
10,"CW-11905"
47,"RD-19480"
27,"CS-12400"
10,"AB-10060"
43,"SW-20455"
36,"PP-18955"
10,"BM-11650"
28,"JW-15220"
36,"AH-10690"
27,"HG-14965"
10,"GB-14575"
33,"EM-13960"
27,"CC-12100"
41,"LA-16780"
28,"AS-10285"
17,"SK-19990"
24,"LP-17095"
44,"CA-12775"
10,"CC-12670"
43,"MM-18055"
2,"LS-16945"
7,"CW-11905"
5,"EM-14200"
32,"MS-17710"
46,"NW-18400"
47,"MH-18115"
24,"JW-15220"
44,"CA-12265"
28,"HW-14935"
28,"CS-12250"
32,"BS-11590"
38,"VD-21670"
47,"JD-16060"
5,"DL-12865"
43,"PO-18865"
33,"MC-17635"
34,"JF-15565"
10,"CS-11860"
24,"VW-21775"
34,"TC-21535"
25,"DS-13180"
34,"PS-19045"
33,"DK-13225"
34,"DK-13090"
33,"RB-19570"
3,"BG-11035"
5,"RH-19555"
24,"SR-20425"
43,"SC-20800"
5,"ES-14080"
5,"SV-20785"
22,"FM-14290"
27,"MF-18250"
24,"JL-15130"
32,"PG-18820"
33,"RL-19615"
28,"SZ-20035"
31,"AH-10210"
27,"FH-14275"
43,"RB-19435"
28,"HM-14980"
31,"KH-16360"
24,"LC-16870"
28,"GW-14605"
25,"DK-12835"
27,"JK-15370"
28,"AC-10615"
43,"AG-10495"
30,"SS-20590"
33,"NR-18550"
32,"AA-10375"
44,"SH-20635"
43,"CS-12400"
47,"GK-14620"
32,"GZ-14470"
43,"MK-18160"
17,"BT-11680"
43,"CS-12250"
10,"VD-21670"
32,"RW-19540"
27,"SC-20305"
12,"LA-16780"
32,"AJ-10945"
33,"SP-20650"
10,"AS-10045"
43,"SC-20725"
13,"ND-18370"
24,"RS-19765"
10,"TB-21400"
25,"SU-20665"
7,"YS-21880"
43,"BM-11575"
27,"FM-14215"
27,"JO-15280"
25,"BM-11650"
9,"RM-19675"
5,"RP-19855"
10,"CR-12730"
23,"CP-12340"
43,"CD-11920"
10,"HR-14770"
43,"PS-18970"
2,"LH-17020"
28,"KC-16675"
3,"JH-15430"
24,"JB-16045"
10,"MS-17980"
43,"BT-11305"
24,"RE-19405"
27,"PP-18955"
10,"RB-19360"
24,"DW-13585"
10,"BW-11065"
28,"CD-12280"
43,"DH-13075"
47,"TT-21220"
47,"ED-13885"
28,"SW-20275"
28,"MC-18100"
27,"MA-17560"
24,"JK-15640"
10,"RM-19750"
24,"DA-13450"
2,"KE-16420"
43,"SZ-20035"
43,"TT-21460"
4,"AH-10030"
27,"CM-12160"
2,"TZ-21580"
47,"AS-10045"
44,"CG-12040"
33,"KH-16360"
10,"RD-19585"
43,"EH-13765"
46,"JR-16210"
24,"MD-17350"
47,"BF-11215"
31,"AS-10630"
47,"EP-13915"
27,"KC-16255"
46,"DR-12880"
21,"LC-16930"
43,"LW-16825"
47,"EH-13990"
12,"NR-18550"
33,"AS-10285"
17,"SC-20050"
44,"DJ-13510"
28,"HM-14860"
47,"RD-19585"
14,"MS-17530"
5,"KB-16240"
33,"BW-11200"
3,"KL-16555"
10,"AC-10450"
36,"JC-15775"
33,"MG-17890"
3,"DW-13585"
25,"SC-20305"
36,"KT-16480"
39,"SB-20185"
44,"SP-20860"
10,"JS-15685"
43,"EJ-13720"
36,"BF-11170"
15,"RA-19885"
20,"DM-13345"
10,"DL-12925"
43,"CC-12550"
3,"CC-12610"
47,"HG-14845"
5,"DP-13000"
27,"AB-10255"
32,"AG-10330"
44,"DV-13045"
10,"JL-15850"
32,"SC-20725"
10,"MM-18055"
39,"PM-19135"
47,"RP-19390"
25,"HK-14890"
47,"DM-12955"
5,"NK-18490"
43,"DE-13255"
33,"DK-12895"
49,"PJ-19015"
43,"BS-11665"
47,"RD-19930"
47,"EJ-13720"
47,"CM-11815"
34,"ME-17725"
43,"BP-11155"
43,"MD-17350"
47,"SE-20110"
47,"DB-13555"
27,"HG-14845"
32,"EM-14095"
